,names
0,AskReddit
1,news
2,funny
3,AmItheAsshole
4,gaming
5,pics
6,tifu
7,movies
8,relationship_advice
9,worldnews
10,politics
11,PublicFreakout
12,pokemon
13,aww
14,todayilearned
15,memes
16,modernwarfare
17,gifs
18,HongKong
19,TwoXChromosomes
20,unpopularopinion
21,MurderedByWords
22,videos
23,dankmemes
24,leagueoflegends
25,confession
26,OldSchoolCool
27,WatchPeopleDieInside
28,legaladvice
29,interestingasfuck
30,Jokes
31,RoastMe
32,MovieDetails
33,ChoosingBeggars
34,Cringetopia
35,LivestreamFail
36,soccer
37,IdiotsInCars
38,gonewild
39,Damnthatsinteresting
40,insaneparents
41,nba
42,Whatcouldgowrong
43,Unexpected
44,Showerthoughts
45,nextfuckinglevel
46,mildlyinteresting
47,Wellthatsucks
48,television
49,MadeMeSmile
50,trashy
51,AskMen
52,explainlikeimfive
53,blursedimages
54,HumansBeingBros
55,nfl
56,BlackPeopleTwitter
57,Tinder
58,NintendoSwitch
59,science
60,LifeProTips
61,marvelstudios
62,pcmasterrace
63,personalfinance
64,hockey
65,teenagers
66,PewdiepieSubmissions
67,insanepeoplefacebook
68,dataisbeautiful
69,freefolk
70,TIHI
71,NSFW_GIF
72,facepalm
73,iamverybadass
74,history
75,canada
76,WhitePeopleTwitter
77,technology
78,WTF
79,therewasanattempt
80,nottheonion
81,AbsoluteUnits
82,DestinyTheGame
83,HistoryMemes
84,iamatotalpieceofshit
85,nsfw
86,IAmA
87,instantkarma
88,apple
89,TIGHTPUSSY
90,Games
91,oddlysatisfying
92,atheism
93,quityourbullshit
94,wholesomememes
95,PrequelMemes
96,comedyheaven
97,Instagramreality
98,TooAfraidToAsk
99,NoStupidQuestions
100,nflstreams
101,sex
102,antiMLM
103,madlads
104,askscience
105,Minecraft
106,me_irl
107,NatureIsFuckingLit
108,Animemes
109,relationships
110,cursedcomments
111,nosleep
112,starterpacks
113,Cinderblock
114,RealGirls
115,reactiongifs
116,mildlyinfuriating
117,Jewdank
118,StarWars
119,rickandmorty
120,KidsAreFuckingStupid
121,DunderMifflin
122,MaliciousCompliance
123,assholedesign
124,classicwow
125,announcements
136,Music
140,EarthPorn
143,blog
146,books
147,food
149,DIY
151,Art
152,sports
153,space
154,gadgets
157,photoshopbattles
158,Documentaries
159,GetMotivated
160,listentothis
161,UpliftingNews
163,InternetIsBeautiful
165,Futurology
166,philosophy
168,WritingPrompts
172,creepy
175,AdviceAnimals
176,Fitness
181,bestof
186,travel
187,lifehacks
195,woahdude
196,PS4
197,AnimalsBeingBros
200,AnimalsBeingJerks
201,tattoos
202,Overwatch
203,FoodPorn
206,trippinthroughtime
207,BikiniBottomTwitter
210,programming
212,gameofthrones
213,boardgames
214,europe
215,malefashionadvice
217,gardening
218,pokemongo
220,instant_regret
221,photography
222,dadjokes
225,iphone
227,loseit
229,Android
230,itookapicture
231,CrappyDesign
232,nonononoyes
233,hiphopheads
234,AnimalsBeingDerps
235,rarepuppers
236,drawing
238,GifRecipes
239,slowcooking
240,buildapc
241,ContagiousLaughter
242,humor
244,offmychest
246,BetterEveryLoop
247,woodworking
248,Eyebleach
250,Cinderblocks
251,Mandalorian
252,HardPornGifs
253,boomerhentai
254,sextingsnapchat
255,NSFW_Cams
256,AsianGoodGirl
257,BisexualFantasy
258,FreezingFuckingCold
259,TheMandalorianTV
260,FallenOrder
261,sonmom
262,DisneyPlusVPN
263,BertandErnie
264,sexchopath
265,DisneyPlus
266,HisDarkMaterialsHBO
267,toon_porn_comics
268,FilthyTeens
269,LustfulGirls
270,okboomer
271,PokemonSwordAndShield
272,HazbinHotel
273,JolyneHentai
274,FilthyEbonies
275,bonehealingjuice
276,InHerGut
277,tiktokthots
278,SheFucksHim
279,crossingvoidglobal
280,sennamains
281,lilypichu
282,FilthyMILFs
283,PCRedDead
284,ConsumeProduct
285,GirlBoner
286,AraAra
287,CellToSingularity
288,LegendsOfRuneterra
289,YourJokeButWorse
290,FilthyLatinas
291,HighQualityReloads
292,KaylaLauren
293,PornstarsClothed
294,Worldbox
295,bongbeauty
296,orochinho
297,roastmypet
298,NoahGetTheBoat
299,NaughtyWives
300,andbox
301,ShamelesslyStolen
302,ExposedToStrangers
303,TennisClash
304,ThinkTankSexy
305,crossingvoid
306,AndreaAbeli_
307,pixiedustcrusaders
308,DeathStranding
309,forcedcreampie
310,medizzy
311,skeletonclaw
312,Ellesclub
313,PlanetZoo
314,AmateurGirlsHugeDicks
315,PandoraNyxie
316,jerkofftomymom
317,Nebraskawut
318,hmm
319,ColorfulPorn
320,OnlyFans101
321,Beastars
322,ManufacturingPorn
323,QiyanaMains
324,IndianTeenCleavage
325,dirtydesire
326,ViralSnaps
327,BitedSizeSexy
328,Lustery
329,Hong_Kong
330,BadCensorship
332,chat_discussion_posts
333,GolemSexy
334,AreTheStraightsOK
335,iNoobChannel
336,tooktoomuch
337,PioneerMTG
338,NaughtyNerdGirls
339,MrsFletcher
340,FansOfMadiTeeuws
341,18plusPubliC
342,HarryPotterWUFriends
343,LSF
344,KristyBlack
345,hisdarkmaterials
346,AbruptChaos
347,Ersties
348,nope
349,RedRoseLaCubana
350,Stadia
351,PoorlyCensored
352,ExpandDong
353,KnowingBetter
354,horny
355,sololeveling
356,AmirahDymee
357,BOLIVIA
358,UniversalProfile
359,BonerAlert
360,adam_silverfanpage
361,JemWolfie_
362,JustBBlack
363,shutupwesley
364,Trebel
365,darkmeme
366,RPDR_UK
367,GreenAndPleasant
368,MiaMelano
370,Lindemann
371,pornwithsounds
372,assholetax
373,jodelnsfw
374,IllegallySmolCats
0,OutOfTheLoop
1,blackmagicfuckery
2,SquaredCircle
4,awfuleverything
5,GlobalOffensive
7,HolUp
8,wow
9,copypasta
10,wallstreetbets
11,ShitPostCrusaders
14,blessedimages
15,whatisthisthing
16,gifsthatkeepongiving
17,hentai
19,entitledparents
20,natureismetal
21,niceguys
22,CFB
23,AskOuija
24,JusticeServed
25,rareinsults
26,rule34
27,Rainbow6
28,PoliticalHumor
29,technicallythetruth
30,educationalgifs
31,porn
32,apexlegends
34,anime
35,australia
36,fantasyfootball
37,BrandNewSentence
38,MMA
39,imsorryjon
40,smashbros
42,baseball
45,SCP
46,offlineTV
48,2007scape
49,DotA2
50,maybemaybemaybe
51,cumsluts
52,TikTokCringe
53,holdthemoan
54,gatekeeping
55,manga
56,PeopleFuckingDying
57,DnD
58,JoeRogan
59,TheSilphRoad
61,collegesluts
62,FortNiteBR
64,sadcringe
66,greentext
67,xboxone
68,softwaregore
69,GirlsMirin
70,ffxiv
71,cringe
72,YouShouldKnow
73,Justrolledintotheshop
74,celebnsfw
75,MapPorn
76,reddeadredemption
77,SandersForPresident
78,formula1
79,conspiracy
80,FIFA
81,13or30
82,AsiansGoneWild
83,2meirl4meirl
84,agedlikemilk
85,fightporn
86,NSFWFunny
87,pcgaming
88,confusing_perspective
89,hearthstone
90,magicTCG
91,porninfifteenseconds
92,MakeMeSuffer
93,holdmycosmo
94,ProgrammerHumor
97,JohnCena
98,LegalTeens
100,truth
101,potatosalad
102,GirlsFinishingTheJob
103,trees
104,TrueOffMyChest
106,comics
107,gonewildstories
108,confessions
110,JizzedToThis
111,CatastrophicFailure
112,BiggerThanYouThought
113,menwritingwomen
114,BeAmazed
115,thatHappened
116,CasualConversation
117,youngpeopleyoutube
118,IDontWorkHereLady
119,TwoSentenceHorror
120,PetiteGoneWild
121,destiny2
122,OnePiece
123,suspiciouslyspecific
129,cars
131,Roadcam
132,MakeupAddiction
134,keto
135,HighQualityGifs
137,NetflixBestOf
138,raspberry_pi
141,cats
143,EatCheapAndHealthy
144,ChildrenFallingOver
146,backpacking
148,HistoryPorn
152,Parenting
153,biology
158,frugalmalefashion
160,nevertellmetheodds
163,Cooking
164,streetwear
165,youseeingthisshit
169,mac
170,ArtisanVideos
173,recipes
176,hmmm
180,nintendo
182,electronicmusic
183,reallifedoodles
187,battlestations
188,scifi
189,Awwducational
191,TrollYChromosome
192,FiftyFifty
196,MealPrepSunday
197,howto
199,socialskills
201,camping
203,iamverysmart
205,Bitcoin
207,bodyweightfitness
210,Outdoors
211,horror
212,dogs
216,learnprogramming
217,cringepics
218,Frugal
219,MemeEconomy
221,entertainment
223,youtubehaiku
224,AskWomen
225,dating_advice
226,4chan
227,thewalkingdead
231,CollegeBasketball
232,coolguides
234,holdmybeer
235,JUSTNOMIL
239,zelda
241,yesyesyesyesno
242,SkincareAddiction
243,AskHistorians
244,wallpaper
245,ATBGE
246,likeus
247,JapanTravel
249,shittyfoodporn
250,Atypical
251,SubSimulatorGPT2
252,rektwhores
253,Watchmen
254,UKTVLAND
255,Artistic_Hentai
256,IndiansWhoMakeYouFap
257,badroommates
258,Boomerhumour
259,LiliheartsssExclusive
260,blackfriday
261,PrincessesOfPower
262,weddingshaming
263,abbyrao
264,LelaStarFanClub
265,eGamerGirl
266,ALLTHEANIMALS
267,JustBeWhite
269,RapeConfessions
270,TSonFM
271,Rainbow6TTS
272,sousvide
273,MollyEskamOnlyfans
274,tiktoknsfw
275,pokimanefeet
276,FuckYouKaren
277,pokimanensfw
278,phatbootycuties
279,AmItheButtface
280,TwoDots
281,GermansGoneWild
282,FemaleDatingStrategy
283,MomSonSnapchat
284,HotMoms
285,shortcels
286,BlackGirlNSFW
287,TS_GIF
288,rpghorrorstories
289,DarkHumorAndMemes
290,Erinlally
291,SamONellaAcademy
292,ThatsInsane
293,OrnaRPG
294,survivor
295,outerworlds
296,notopbutok
297,SpittinChicletsPod
298,ekkomains
299,Fire
300,PoliticalCompassMemes
301,TheMaskedSinger
302,needforspeed
303,Trufemcels
304,FilthyAsians
305,SophiiaDiamond
306,katiebell
307,MoreTankieChapo
308,secretsanta
309,Sextrophies
310,VoyeurFlash
311,pointlesslygendered
312,RedDeadDailies
313,sextingfriendfinder
314,GermanCelebritiesFAP
315,MrsPoindexter
316,BoobsAndTities
317,mynamesTee
318,InstaSnapsAndMore
319,NatalieRoush
320,AmateurBlowjob
321,RaeLilBlack
322,AmazonFlexDrivers
323,GachaLifeCringe
324,mystery
325,monsterdicks
326,LaPornoBiblioteca
327,warcraft3
328,AskTeenGirls
329,shittymoviedetails
330,Amberlynn
331,JenniferLopez
332,LilPeep
333,OurPresident
334,ich_iel
335,RDR2
336,FREE
337,GirlsCuddling
338,DavidDobrik
339,TeensNSFW
340,Adorable_Girls
341,LeaksByDaylight
342,CallOfDutyMobile
343,BreadTapedToTrees
344,Cricket
346,DarkJokeCentral
347,wouldyoufuckmymom
348,PokiNSFW3
349,masaladesi
350,Daddy
351,StarWarsCantina
352,DemocraticSocialism
353,TheRightCantMeme
354,MulanVuitton
355,KirstyAustinOF
356,Davie504
357,PornMZ
358,feemagers
359,Omeglesex
360,Cursed_Images
361,GodAsshole
362,JustFriendsHavingFun
363,adorableoldpeople
364,Archero
365,theouterworlds
366,aoe2
367,VIZIO_Official
368,RedDeadOnline
369,noita
370,scrubsgonewild
371,tf2shitposterclub
372,DojaCatFans
373,MoneyDiariesACTIVE
374,myheroacademiahentai
0,cursedimages
2,tumblr
5,godtiersuperpowers
6,lotrmemes
8,dndmemes
9,clevercomebacks
11,specializedtools
12,gonewild30plus
16,grandorder
17,StartledCats
18,trashyboners
19,adorableporn
20,2healthbars
21,pathofexile
22,perfectlycutscreams
23,worldpolitics
24,GWCouples
26,rupaulsdragrace
27,terriblefacebookmemes
28,goddesses
29,DidntKnowIWantedThat
30,wholesomegifs
31,Celebs
33,TheMonkeysPaw
34,DnDGreentext
35,LiverpoolFC
36,okbuddyretard
39,NoFap
40,Trumpgret
41,ksi
43,49ers
44,ireland
45,bestoflegaladvice
46,Hotwife
47,datingoverthirty
48,NSFW411
49,borderlands3
51,Warframe
52,nsfw_gifs
54,im14andthisisdeep
55,lastimages
57,orangetheory
59,FragileWhiteRedditor
60,gonewildaudio
61,Blowjobs
63,ImGoingToHellForThis
67,WatchItForThePlot
68,traps
69,skyrim
71,Piracy
72,UnethicalLifeProTips
73,tylerthecreator
74,HydroHomies
77,badwomensanatomy
78,buildapcsales
80,milf
81,SluttyConfessions
82,teslamotors
83,Celebhub
84,ToiletPaperUSA
85,Cuckold
86,SubredditDrama
87,3dshacks
89,Amd
91,DiWHY
92,BoJackHorseman
93,DBZDokkanBattle
95,BustyPetite
96,pawg
98,holdmyfeedingtube
100,notliketheothergirls
102,CasualUK
104,kpop
105,ExpectationVsReality
106,sysadmin
107,JerkOffToCelebs
108,dndnext
111,gtaonline
112,OSHA
113,thanosdidnothingwrong
114,Gamingcirclejerk
115,Drugs
117,meme
118,lgbt
119,Libertarian
122,caffeine
123,ukpolitics
124,TalesFromYourServer
127,CozyPlaces
131,Astronomy
132,comicbooks
133,foodhacks
134,femalefashionadvice
136,PerfectTiming
138,urbanexploration
139,DeepIntoYouTube
144,breakingbad
147,GamePhysics
149,savedyouaclick
151,Sneakers
153,Design
154,CryptoCurrency
155,math
156,Physics
157,oldpeoplefacebook
159,tipofmytongue
160,writing
162,RoomPorn
164,PUBATTLEGROUNDS
167,OopsDidntMeanTo
168,spaceporn
170,indieheads
171,AbandonedPorn
174,ProRevenge
175,progresspics
176,hardware
177,hacking
179,podcasts
180,meirl
183,fffffffuuuuuuuuuuuu
185,changemyview
187,carporn
188,ShittyLifeProTips
189,CampingandHiking
191,WeAreTheMusicMakers
192,DeepFriedMemes
193,ThriftStoreHauls
194,toptalent
197,powerwashingporn
198,investing
200,reddit.com
202,nononono
203,DesignPorn
204,UnresolvedMysteries
205,MachineLearning
208,motorcycles
209,crafts
212,shittyaskscience
213,WhyWereTheyFilming
214,ArtefactPorn
216,fakehistoryporn
217,HomeImprovement
218,southpark
219,Bossfight
221,SweatyPalms
222,astrophotography
224,ANormalDayInRussia
226,TrollXChromosomes
227,BoneAppleTea
229,chemistry
230,bodybuilding
231,Perfectfit
232,google
234,Amateur
235,rpg
237,nasa
238,nostalgia
239,homestead
240,running
241,WhatsWrongWithYourDog
242,dankchristianmemes
243,woooosh
246,hiking
247,self
248,thisismylifenow
249,Watches
252,CrackheadCraigslist
253,buccaneers
254,pizzadare
255,PoonamPandeyFanatics
256,NSFWfantasytexts
257,SnapchatSext
258,CashApp
259,CelebEconomy
261,foundthehondacivic
262,Angryupvote
263,comedyhomicide
264,BreakingTheSeal
265,belowdeck
266,talkedintoit
267,NuxTakuSubmissions
268,antimeme
269,miraculousladybug
270,Seethroughyogapants
271,burdurland
272,degoogle
273,CosplayNsfw
274,DirtyKIKRoleplay
275,JoJo34
276,SSAwakening
277,FurryPornSubreddit
278,MeganRain
279,showbox
280,AmateurTeen_Porn
282,EbonyGirls
283,RebornDollCringe
285,TechNewsToday
286,nuzlocke
287,LIHKG
288,referralcodes
290,notdisneyvacation
291,PLASTT
292,VlogSquadGirls
293,SubwayCreatures
294,PornoMemes
295,hentaimemes
297,LoganPaul
298,galaxynote10
299,Slut
301,antiwork
302,trapsarentgay
303,Doggystyle_NSFW
304,nhaa
305,BeckyCrocker
306,MyChemicalRomance
308,Mexicana
309,joker
310,thanksimcured
311,netflixwitcher
312,xboxinsiders
313,fullmetalifrit
314,hentaicaptions
315,PlantBasedDiet
316,FeetToesAndSocks
317,fut
318,SistersNSFW
319,selfie
320,EmKay
322,bonehurtingjuice
323,Teenboysgonewild
324,FaceFirstNSFW
325,IdiotsNearlyDying
326,Offensivejokes
327,GWBlackGirls
329,SwShLeaks
330,Wife
331,tokkiefeesboek
332,Francety
333,SexiestVideos
334,Epstein
336,throatbarrier
337,InstagramSluts
338,rapegifs
339,itsafetish
340,nude_snapchat
341,Dylann_Vox
342,BangaloreGW
344,AAAAAAAAAAAAAAAAA
345,NoContract
346,pickuplines
347,vscosluts
348,LeagueOfMemes
349,WrestleFap
350,Roughsex
351,DadsAndBoys
352,WeirdWheels
353,dajinism
354,LaurenSummer
355,GifSauces
356,Nudes
357,SpoiledSurvivor
358,Chiraqology
359,smalltitsbigass
360,bootyshorts
361,brown_dust
362,furryporn
363,ItemShop
364,imveryedgy
365,NSFW_Social
366,VerifiedFeet
367,MedicalGore
368,Creaming
369,sarmssourcetalk
370,2Booty
371,miamidolphins
372,discord_irl
373,SapphoAndHerFriend
374,FetishLife
1,neapolitanpizza
2,anal
4,WinStupidPrizes
5,Fallout
6,theydidthemath
7,PornhubComments
8,HENTAI_GIF
9,TittyDrop
10,Competitiveoverwatch
11,marvelmemes
12,jobuds
13,IsItBullshit
14,darkjokes
15,de
16,Botchedsurgeries
19,povertyfinance
20,PimpYourMomForKarma
21,homemadexxx
22,Zoomies
23,Steam
24,BreedingMaterial
26,Gunners
27,boomershumor
29,StarWarsLeaks
30,90DayFiance
31,4PanelCringe
33,EscapefromTarkov
34,justneckbeardthings
35,oddlyterrifying
37,jailbreak
38,cscareerquestions
41,YangForPresidentHQ
42,HappyEmbarrassedGirls
44,fireemblem
47,nsfwhardcore
48,deadbydaylight
49,Gonewild18
51,thalassophobia
53,anime_irl
54,Kanye
55,JustBootThings
57,pussypassdenied
59,FrankOcean
62,SelfAwarewolves
63,SmashBrosUltimate
64,MonsterHunterWorld
66,popping
68,unitedkingdom
70,ass
71,nocontextpics
72,Borderlands
74,Conservative
75,ShitMomGroupsSay
76,intermittentfasting
77,vaxxhappened
78,cosplaygirls
80,totalwar
81,torontoraptors
85,FortniteCompetitive
87,halo
89,MGTOW
91,singapore
92,EpicSeven
93,MechanicalKeyboards
94,raidsecrets
97,britishproblems
98,witcher
99,SuddenlyGay
100,pettyrevenge
101,tipofmypenis
103,dontputyourdickinthat
104,Warhammer40k
105,TopMindsOfReddit
106,RocketLeague
107,eu4
108,GameDeals
112,raisedbynarcissists
114,CrackWatch
115,LateStageCapitalism
118,workgonewild
119,18_19
120,Seahawks
121,StrangerThings
122,CrusaderKings
123,adamsilverfanpage
125,ComedyCemetery
127,Filmmakers
128,PoliticalDiscussion
129,Health
131,javascript
133,Metal
137,solotravel
142,DoesAnybodyElse
143,whitepeoplegifs
145,harrypotter
146,asoiaf
147,dank_meme
148,Economics
149,Fantasy
152,childfree
157,crappyoffbrands
158,UNBGBBIIVCHIDCTIICBG
161,holdmyredbull
163,techsupport
164,freebies
166,KerbalSpaceProgram
169,IdiotsFightingThings
170,westworld
173,FellowKids
174,somethingimade
176,EDM
177,Justfuckmyshitup
179,forbiddensnacks
180,financialindependence
181,compsci
183,JusticePorn
184,ofcoursethatsathing
186,classicalmusic
188,BuyItForLife
189,blunderyears
190,suggestmeabook
192,AccidentalRenaissance
193,Shitty_Car_Mods
195,yesyesyesno
196,Marvel
197,beta
199,LetsNotMeet
200,FunnyandSad
201,environment
203,Entrepreneur
205,surrealmemes
207,futurama
211,talesfromtechsupport
212,wiiu
213,boottoobig
214,Survival
216,AsianBeauty
220,OnOff
221,audiophile
224,creepyPMs
227,analog
228,LipsThatGrip
229,dogswithjobs
230,FloridaMan
233,FanTheories
234,photocritique
235,ScottishPeopleTwitter
237,nutrition
238,Twitch
241,MachinePorn
242,ShouldIbuythisgame
244,combinedgifs
245,mechanical_gifs
246,geek
247,WeWantPlates
248,privacy
249,LearnUselessTalents
250,RiseofKingdoms
251,CuckoldPsychology
252,BeAmazedBoobs
253,FundieSnark
254,GonewildGBUK
255,BimboCumsluts
256,JerkOffToDesiCelebs
257,lostarkgame
258,MemeTemplatesOfficial
259,RateMyAss
260,teachersgonewild
261,sadcats
262,billieeilish
263,christmas
264,Cartoon_Porn
265,AlahnaLy_
266,Catswhoyell
267,KimetsuNoYaiba
268,Semenretention
269,nukedmemes
270,CockTributes
271,HumanForScale
272,reddeadfashion
273,FutanariPegging
275,AJelqForYou
276,prettyaltgirls
277,LWIAY
278,Terminator
279,GaySnapchat
280,gothsluts
281,Allthewaythrough
282,LateStageImperialism
283,BigBlackBootyGIFS
284,booty_queens
285,mathmemes
286,oddlyspecific
287,DamnASS
288,nsfwDiscords
289,Carpentry
290,DrStone
291,blowjobsandwich
292,OLED
293,DadWouldBeProud
294,Iamactuallyverybadass
295,SuccessionTV
296,AllKindOfPorn
297,TheDelrayMisfits
299,analinsertions
300,CelebBattles
301,yiffinhell
302,nonutnovember
303,forcedbreeding
305,Humongousaurustits
306,BoomerTears
307,biggerthanherhead
308,nyjets
309,orthotropics
310,Anal_witch
311,Vanced
312,AEWOfficial
313,smallboobs
314,MatingPress
315,starwarsmemes
316,misfits
317,BeansInThings
318,dickgirls
320,thanksihateit
321,WesternHentai
322,AnalPornGif
323,FlashingAndFlaunting
324,MoeMorphism
325,budgetcooking
326,cuteasfuckbutclothed
327,dndmaps
328,Pacybits
329,ApksApps
330,whatsapp
331,stupidpol
332,naughtyfromneglect
333,WhatsWrongWithYourCat
334,TheRealJoke
335,NSFWverifiedamateurs
336,Shemale_Big_Cock
338,Sabrina_Nichole
339,UnderRatedBitches
341,SwitchNSPs
342,kotakuinaction2
343,FostTalicska
344,EDCOrlando
345,f45
346,codevein
348,SnapCam
350,accidentallycommunist
351,SUBREDDITNAME
352,Aliexpress
353,PlasticSurgery
354,bootypetite
355,MomSonIncest
356,ani_bm
357,animememes
358,ThatLookedExpensive
359,averagepenis
360,Lena_The_Plug
361,RedheadedGoddesses
363,AITA
364,DrunkDrunkenPorn
365,suicidebywords
366,unexpectedtitty
367,SwitchPirates
368,BoobsBetweenArms
369,murdermittens
370,BellaThorne18
371,victoriajustice
372,girlsmasturbating
373,FireEmblemThreeHouses
374,womensstreetwear
0,Diablo
1,lostredditors
2,chelseafc
3,InternetStars
4,ZeroWaste
5,Stellaris
6,depression
7,GodPussy
8,Blackops4
9,pussy
10,dirtyr4r
11,fo76
12,futanari
14,reddevils
15,Advice
16,AMA
17,bigasses
18,roosterteeth
19,FireEmblemHeroes
20,Breath_of_the_Wild
21,AskRedditAfterDark
22,NBA2k
25,GooglePixel
26,sbubby
27,IncestPorn
28,gwcumsluts
30,toronto
32,MonsterHunter
35,pornvids
36,MagicArena
39,RandomActsOfBlowJob
40,BeautyGuruChatter
42,toastme
44,kpopfap
45,LSD
46,EmperorsChildren
48,polandball
50,StarWarsBattlefront
52,AnimalTextGifs
54,aviation
56,AzureLane
58,blackpeoplegifs
59,FashionReps
61,MassiveCock
62,tf2
63,spacex
64,BattlefieldV
66,Brawlstars
67,IllegalLifeProTips
69,IncelTears
71,GamersRiseUp
72,MrRobot
74,thebachelor
77,WrestleWithThePlot
79,Guildwars2
80,OnePunchMan
81,sweden
83,comedynecromancy
84,shittysuperpowers
85,ABoringDystopia
86,india
87,stupidslutsclub
88,pocketpussy
89,BigBoobsGW
90,barstoolsports
91,askgaybros
93,PersonalFinanceCanada
95,TooCuteForPorn
96,forhonor
98,ShingekiNoKyojin
100,dirtykikpals
101,amateurcumsluts
102,TumblrInAction
103,wincest
105,wholesomebpt
108,StardewValley
114,lesbians
115,hoi4
116,marijuanaenthusiasts
117,BokuNoHeroAcademia
120,TeamfightTactics
121,freeuse
122,FantasyPL
126,Nicegirls
127,TalesFromRetail
129,NotMyJob
130,truegaming
131,evilbuildings
132,woof_irl
134,digitalnomad
135,perfectloops
137,holdmyfries
141,psychology
143,redditgetsdrawn
144,shittyrobots
145,Homebrewing
146,holdmyjuicebox
148,wallpapers
149,outside
150,gentlemanboners
152,mealtimevideos
154,PenmanshipPorn
155,MostBeautiful
156,CrazyIdeas
157,dontdeadopeninside
159,ADHD
160,chemicalreactiongifs
162,IASIP
163,vandwellers
166,IWantOut
167,bicycling
169,HealthyFood
172,DadReflexes
176,IWantToLearn
181,Poetry
182,dirtysmall
183,disneyvacation
184,tippytaps
186,firstworldanarchists
187,business
188,Boobies
189,3DS
191,Guitar
192,ihadastroke
193,StoppedWorking
194,Screenwriting
195,lego
196,CityPorn
197,calvinandhobbes
199,Boxing
200,snowboarding
204,getdisciplined
205,climbing
206,indianpeoplefacebook
208,KenM
209,offbeat
211,guns
212,CatsStandingUp
217,familyguy
222,skiing
223,ihavesex
224,nsfwcosplay
226,misleadingthumbnails
227,juicyasians
228,Prematurecelebration
230,EngineeringPorn
231,INEEEEDIT
232,PandR
233,Glitch_in_the_Matrix
234,worldbuilding
235,delusionalartists
237,absolutelynotme_irl
238,QuotesPorn
240,vagabond
244,Fishing
246,ketorecipes
247,palegirls
248,TrueReddit
249,Python
250,NuclearRevenge
251,4kTV
253,HentaiBeast
254,sissycaptions
255,BigTitsButClothed
256,airpods
257,ImaginarySliceOfLife
258,KamikazeByWords
260,AmateurSlutWives
261,HardcoreNSFW
262,TrueSPH
263,GirlsShowering
264,BirdsArentReal
265,creepyencounters
266,fakecartridges
267,Nioh
268,dildo
269,dancingwiththestars
270,animepiracy
271,justdependathings
272,MoriahMills
273,AhegaoGirls
274,ThickAsians
275,MILFs
276,PornAttack
277,DarshelleCosplay
278,lonely
279,OMGCosplay
280,BarbieWorld
281,girlfriendporn
283,OculusQuest
284,raceplay
285,desabafos
286,cumflation
287,EDanonymemes
288,whatintarnation
289,lebanon
290,LeopardsAteMyFace
291,mommybully
292,hotsororitygirls
293,DemEyesDoe
294,Komi_san
295,tscum
296,gaystoriesgonewild
297,BollyBlindsNGossip
298,haikyuu
299,AutumnFalls
300,Astros
302,cursedjojo
303,CougarsAndCubs
304,Sims4
305,ComedyNecrophilia
306,Milfs_in_gifs
307,OCD
308,MemriTVmemes
309,FlashingGirls
310,lynaritaa
311,HighStrangeness
312,IndianSocial
313,jacksepticeye
314,foundfelix
315,ask
316,NonBinary
318,Popular_Science_Ru
319,askteenboys
320,HairyPussy
321,BeautifulFemales
323,wholesomejojo
324,Bellabrookz
325,AllAboutBoobs
327,gaysexconfessions
328,THE_PACK
329,Hentaku
330,SlimandStacked
331,GoneMildPlus
332,slutsofsnapchat
333,Misogynyfetish
334,sph
335,Cigarettes
336,NightOutGirls
337,conspiracytheories
339,diablo2
340,technews
341,CreditCards
342,RoleReversal
343,gisellelynette
344,40plusGoneWild
345,InstacartShoppers
346,Grobbulus
347,ChantelJeffries
348,AntifascistsofReddit
349,ArcheageUnchained
350,DDLGPersonals
351,Giraffesdontexist
352,Garmin
353,Ayleks
355,BikiniBodies
356,spreading
357,Tayloralesiagirl
358,NastyaNASS
359,facial
360,CedehTS
361,BelleDelphinePatreon
362,CumCannonAddicts
363,ShinyPokemon
364,r4rtoronto
365,momsgonewild
366,UberEATS
367,STAWG
369,IncelsWithoutHate
370,sad
371,pelotoncycle
372,tryonhaul
373,chile
374,liluzivert
1,afkarena
4,WouldYouFuckMyWife
5,rimjob_steve
6,PokemonGoSpoofing
7,Chonkers
8,headphones
9,chubby
10,vancouver
12,InsanePeopleQuora
16,GirlsWithHugePussies
17,GaybrosGoneWild
19,ConvenientCop
20,bimbofetish
22,YouTubersGoneWild
23,StraightGirlsPlaying
25,inthesoulstone
27,thesims
28,IRLgirls
29,Unity3D
31,TheLastAirbender
35,dirtypenpals
36,ClashRoyale
38,summonerschool
39,IndiansGoneWild
40,youtubetitties
42,runescape
43,doujinshi
44,FatPussy
45,seduction
47,DankMemesFromSite19
48,ENLIGHTENEDCENTRISM
49,Naruto
50,factorio
52,Pikabu
54,r4r
56,HugeDickTinyChick
58,dogelore
59,london
61,sydney
62,Overwatch_Porn
64,brasil
65,Swingersgw
66,Instagram
67,vegan
68,discordapp
69,Nude_Selfie
70,argentina
71,bigtiddygothgf
73,gundeals
74,gonewildcouples
75,3Dprinting
76,amateurgirlsbigcocks
77,SonicTheHedgehog
79,StreamersGoneWild
80,AsianHotties
82,army
84,AskCulinary
85,couplesgonewild
87,EDH
88,brooklynninenine
90,law
91,asstastic
92,wholesomeanimemes
93,traaaaaaannnnnnnnnns
95,DragaliaLost
99,Tgirls
100,blackchickswhitedicks
101,Suomi
102,DMAcademy
104,gonewildcurvy
105,2busty2hide
106,StardustCrusaders
107,Persona5
108,PublicSexPorn
110,h3h3productions
111,stevenuniverse
112,SheLikesItRough
113,FestivalSluts
114,france
115,DirtySnapchat
116,onguardforthee
117,DeadBedrooms
118,Aquariums
119,nationalgeographic
120,hugeboobs
121,thick
122,lakers
123,raimimemes
124,reddeadredemption2
127,Paranormal
128,girlsinyogapants
132,ethereum
135,Simulated
137,linux
138,curvy
142,PraiseTheCameraMan
146,stocks
147,standupshots
150,malelivingspace
152,homeautomation
154,Memes_Of_The_Dank
155,Pareidolia
161,AccidentalRacism
163,Cyberpunk
164,60fpsporn
165,NSFW_Snapchat
169,hitmanimals
170,web_design
173,howtonotgiveafuck
175,netflix
177,Meditation
178,corgi
179,MyPeopleNeedMe
183,TinyTits
187,SubredditSimulator
188,Patriots
189,wifesharing
192,webdev
193,Autos
194,AteTheOnion
195,grool
197,rage
199,engrish
200,creepyasterisks
201,ActLikeYouBelong
202,jesuschristreddit
205,minimalism
206,HadToHurt
207,techsupportgore
208,findareddit
209,beer
210,TheDepthsBelow
211,FORTnITE
212,MorbidReality
213,theocho
214,circlejerk
215,vinyl
217,startups
218,happy
222,doctorwho
224,gamedev
226,shittyreactiongifs
227,DecidingToBeBetter
229,EmpireDidNothingWrong
231,totallynotrobots
235,productivity
236,bodyperfection
237,beetlejuicing
239,watchpeoplesurvive
241,beermoney
242,graphic_design
244,TheWayWeWere
249,GirlswithGlasses
250,Crushes
251,nudesfeed
252,Jem_Wolfie
253,flatearth
255,HentaiParadise
256,Autoflowers
257,GloryHo
258,sophiedee
260,Mirrorsforsale
262,XevBellringer
263,CedehsGifs
264,HeadphoneAdvice
265,Satisfyingasfuck
266,WitchesVsPatriarchy
267,grindr
268,PutYourDickInThat
269,wholesome
270,PrettyLittleCumsluts
271,transporn
272,TrueCrime
273,feetpics
274,JapanUncensored
275,GenderCynical
276,WeirdWings
277,popheads
278,LaptopDeals
279,ThrobbingCIM
280,sffpc
281,traphentai
282,VietNam
283,public
284,Konosuba
285,ScarySigns
286,EmilyLynne
287,akalimains
288,CamSluts
289,WordAvalanches
290,Affairs
294,Ahegao_IRL
295,HotwifeVideos
296,HumansAreMetal
297,fnatic
298,BigBootyGoTHICCgf
299,GoodGirlsSwallow
300,AzurLewd
302,malaysia
303,SkyrimMemes
304,Markiplier
305,BadPenelope
306,FreeuseHentai
308,psychotherapy
311,LabourUK
312,cockcompare
313,BBCsissies
314,freeusefamily
315,Ratemypussy
316,NeovaginaDisasters
317,BestPornInGalaxy
319,DankLeft
320,NobodyAsked
321,Missing411
322,kendalljenner
323,HomeKit
324,FortniteR34
325,physicsmemes
326,projectzomboid
327,Enneagram
328,egg_irl
329,jesuschristouija
330,MissLexa
331,StevenUniverseNSFW
333,xbox
334,PetaJensen
335,Pathfinder2e
336,bingbongtheorem
337,HelpMeFind
338,joinsquad
339,Invisalign
340,Lowes
341,SocialistRA
342,ircuckold
343,DuggarsSnark
344,redneckengineering
345,PussyWedgie
346,ShittyVeganFoodPorn
347,scambait
348,Truckers
349,MillieBobbyBrown2
350,teenspornvideos
351,NSFW_Tributes
352,rimjob
353,traaNSFW
354,teenagersnew
355,msp
356,Hotwifecaption
357,GirlsInFlarePants
358,wifeshare
359,Humanoidencounters
360,SloppyBlowjob
361,cosplaybabes
362,ebonyamateurs
363,unpopularkpopopinions
364,feminineboys
365,aldi
366,snapchat_nudes
367,thick_hentai
368,TheNSFWClub
370,yakuzagames
371,Browns
372,FinancialPlanning
373,DaughterTraining
374,cursedcursedcomments
0,amiugly
1,AnalGW
2,Destiny
3,normalnudes
4,electronic_cigarette
5,SexInFrontOfOthers
6,Rule34LoL
7,newzealand
8,IndianBabes
9,madlass
10,40kLore
12,VerticalGifs
13,deepthroat
15,stormfront
16,bjj
17,heroesofthestorm
22,exmormon
24,furry_irl
27,Terraria
28,dontyouknowwhoiam
29,TeamSolomid
32,Romania
34,PartyParrot
35,fitgirls
37,Philippines
38,boobs
43,submechanophobia
45,youtube
46,homelab
47,NintendoSwitchDeals
48,FunWithFriends
49,blackdesertonline
50,CanadaPolitics
51,starcitizen
52,patientgamers
55,Sissies
56,TwoBestFriendsPlay
58,bostonceltics
59,Grimdank
64,yiff
65,RimWorld
66,CombatFootage
68,squirting
69,ladybonersgw
70,RPClipsGTA
72,summonerswar
73,yugioh
74,creampies
75,college
76,nsfwasmr
80,nvidia
84,SWGalaxyOfHeroes
86,civ
87,criticalrole
90,actuallesbians
92,liberalgunowners
94,MilitaryPorn
95,CoDCompetitive
96,starbucks
98,NotHowGirlsWork
100,WincestTexts
103,TeenMomOGandTeenMom2
104,rule34_comics
105,StruggleFucking
106,BBW
107,FemBoys
109,medicalschool
111,fantasybball
113,walmart
114,forwardsfromgrandma
116,martialarts
117,oldfreefolk
118,bdsm
119,gaybros
121,GoneMild
122,GenderCritical
123,GreenBayPackers
124,dating
125,rearpussy
126,ThingsCutInHalfPorn
129,xxfitness
131,Stacked
133,quiver
134,lotr
138,ginger
139,redheads
144,dashcamgifs
147,shortscarystories
148,whenitgoesin
152,nocontext
153,gettingherselfoff
154,RetroFuturism
155,Badfaketexts
156,notinteresting
157,puns
158,netsec
161,raining
165,KeanuBeingAwesome
166,AmateurRoomPorn
169,boobbounce
170,trebuchetmemes
176,outrun
179,absolutelynotmeirl
181,WatchandLearn
182,1200isplenty
183,iamveryrandom
185,theratio
186,gamernews
187,Hotchickswithtattoos
188,porn_gifs
189,NASCAR
192,Baking
195,tightdresses
197,burstingout
198,knitting
199,facedownassup
200,wikipedia
203,PropagandaPosters
207,tennis
208,blackmirror
209,cosplay
212,donthelpjustfilm
213,altgonewild
214,CuteLittleButts
219,MURICA
223,GoCommitDie
224,noisygifs
225,ArchitecturePorn
226,Anxiety
227,finance
233,VaporwaveAesthetics
235,Upskirt
237,O_Faces
238,Foodforthought
239,vexillology
240,holdmycatnip
242,paag
243,Superbowl
244,cordcutters
250,ChurchOfTheBBC
251,musicproduction
252,TrueCrimeDiscussion
253,entitledparentsmemes
254,Naruto_Hentai
257,fishnets
258,poshmark
259,CallMeCarson
261,MarioKartTour
262,pantyhose
263,evangelionmemes
264,HollowKnightMemes
266,lady_in_the_streets
267,untitledgoosegame
268,AmateurPornVids
269,CanadaPublicServants
270,sounding
272,IdentityV
273,cummedpanties
274,BethLily
275,happycowgifs
276,trapsgonewild
277,PornWorlds
278,GaySoundsShitposts
279,ItsAmateurHour
280,Neverbrokeabone
281,GirlsWithGirls
282,Gamemeneersubmissies
283,bigonewild
284,antinatalism
285,ThotClub
286,Choices
288,CNC_Connect
289,UpvotedBecauseBoobs
290,FtMPorn
291,HelplessHentai
292,WingsOfRedemption
293,YandhiLeaks
295,Hasan_Piker
296,tarot
297,GiaPage
298,YouFellForItFool
299,FuckingTweakers
301,LouderWithCrowder
302,whiptrax
303,KUWTK
304,casualnudity
305,kde
306,agedlikewine
307,AdultNeeds
308,instantbarbarians
309,magicthecirclejerking
310,findapath
311,pewdiepie
312,r4rDFW
314,mattcolville
315,maturemilf
316,SGExams
317,amateur_threesomes
318,GoneWildPetite
319,jav
320,MtvChallenge
321,thefighterandthekid
322,HentaiSource
323,MassiveTitsnAss
324,BigMouth
325,RiskyPorn
326,me_irlgbt
327,Boruto
328,unexpectedcreampie
329,characterdrawing
330,Showersex
331,HunSnark
332,femboy
333,AmITheAngel
334,vegancirclejerk
335,MonsterMusume
337,NataLee
338,CallOfDuty
339,canadacordcutters
340,PussyLicker
341,thongs
342,ender3
343,knockmeup
344,MasturbationGoneWild
345,ratemyboobs
346,creepypasta
347,princesspawg
348,Roms
349,NintendoWaifus
350,YasuoMains
352,steelers
353,EmilyWillis
354,mendrawingwomen
355,MobileLegendsGame
356,tretinoin
357,IndianTeens
358,AgedBeauty
359,BBWVideos
360,bangmybully
361,GalaxyWatch
362,HijabiXXX
363,help
364,LuLaNo
365,LGBTnews
367,fatpussies
368,peopleofwalmart
369,NudesFromGirls
370,TLCUnexpected
371,tits
373,treedibles
374,preteenpussy
0,KotakuInAction
1,ClashOfClans
2,Military
3,ProtectAndServe
5,JordanPeterson
7,diablo3
8,melbourne
11,ottawa
13,AmateurPorn
15,sportsbook
17,serialkillers
21,ApplyingToCollege
22,asshole
23,oneplus
25,Exxxtras
26,MarvelStudiosSpoilers
27,weed
28,disney
29,formuladank
32,AskDocs
34,elderscrollsonline
35,Drama
36,shrooms
38,sex_comics
40,chicago
41,RWBY
42,TalesFromTheFrontDesk
46,TheSimpsons
47,Smite
48,Warthunder
53,curlyhair
55,fo4
57,extramile
58,feedthebeast
59,KGBTR
60,TwitchGoneWild
61,Yogscast
62,Calgary
63,darksouls3
64,canthold
67,LosAngeles
69,Jeopardy
71,asktrp
72,CheatingSluts
73,shittyrainbow6
74,Austin
75,underlords
77,LegalAdviceUK
78,BravoRealHousewives
79,MortalKombat
80,thenetherlands
81,jobs
82,CollegeAmateurs
83,Letterkenny
84,thedivision
85,osugame
87,sexstories
88,whowouldwin
89,fuckdoll
90,gatesopencomeonin
92,bigdickproblems
95,DragonballLegends
97,AskScienceFiction
98,Sino
99,ufc
100,assholegonewild
101,AirForce
102,KatarinaMains
103,joi
104,fatlogic
107,TotallyStraight
109,3amjokes
111,FFBraveExvius
112,footballmanagergames
115,EngineeringStudents
117,bisexual
119,damngoodinterracial
121,Eve
125,mildlypenis
126,suicidegirls
130,TooMeIrlForMeIrl
133,Instantregret
135,Coffee
136,lewronggeneration
140,mallninjashit
142,GoneWildTube
143,JiggleFuck
149,edmproduction
150,shockwaveporn
151,NoMansSkyTheGame
152,TrumpCriticizesTrump
154,MEOW_IRL
157,cumfetish
160,dogpictures
170,onejob
171,drunk
172,btc
173,StockMarket
177,Blep
179,MechanicAdvice
183,LucidDreaming
184,gainit
185,AutoDetailing
186,xsmallgirls
187,Moviesinthemaking
188,LosAngelesRams
189,restofthefuckingowl
194,batman
195,NSFW_Japan
196,wtfstockphotos
201,engineering
202,tech
203,GWNerdy
204,PrettyGirls
210,learnpython
211,gifsthatendtoosoon
212,DCcomics
218,nsfwoutfits
220,BonerMaterial
221,NHLStreams
222,medicine
223,gonewildcolor
225,selfimprovement
227,BeforeNAfterAdoption
228,awwwtf
229,DungeonsAndDragons
230,ImaginaryLandscapes
231,UrbanHell
232,fullmoviesonyoutube
238,simps
240,Unashamed
241,SequelMemes
242,bigboye
243,ghostnipples
244,fakealbumcovers
249,HighResNSFW
250,Miniworlds
251,pathofdiablo
252,emojipasta
253,AmazingCurves
254,girlspooping
255,shitpostemblem
256,AskWomenOver30
257,Assistance
258,CheatingCaptions
260,DelaiaGonzalez
261,lawofattraction
262,awwtf
263,recruitinghell
264,My600lbLife
265,wifepictrading
266,FondantHate
268,loveafterlockup
269,EDAnonymous
270,MicroBikini
271,russian
272,playboicarti
273,ferrets
274,DMDadJokes
275,BadMUAs
276,LushCosmetics
277,FreeCompliments
278,fetish
279,funpiece
280,blender
281,DegradingHoles
282,HighschoolDxD
283,SCAcirclejerk
284,NarcissisticAbuse
285,dadswhodidnotwantpets
286,redditbay
287,Marriage
288,LittleCaprice
290,PimplePoppersDelight
291,exjw
293,TaylorSwift
294,DestinyLore
295,SgGoneWild
296,BadMensAnatomy
298,Floridar4r
299,BlackClover
300,handjobs
302,labrats
303,Eldenring
304,RubyMay
305,amateur_milfs
306,Lesbian_gifs
307,phr4r
309,CelebNudes
310,MensHighJinx
311,TheAdventureZone
312,Pornhub
315,5050
316,kubernetes
317,MAAU
318,blacked
319,darknet
320,90dayfianceuncensored
321,RapeFantasy
322,Gloryholes
323,dbdgonewild
324,PokemonGoFriends
325,FuckGaming
326,sissypersonals
327,Target
328,corinnakopf
329,animalsdoingstuff
331,PiperPerri
332,AnotherEdenGlobal
333,stunfisk
334,youtubetv
335,jacking
336,HQDesi
337,battlemaps
338,AnalOrgasms
339,SpreadEm
340,EnoughLibertarianSpam
341,PeopleBeingJerks
342,FreckledGirls
343,GWAustralia
345,ImpregPersonals
346,SissyChastity
347,cheatingwives
348,TurkeyJerky
349,doordash
350,GloryHoleLocations
351,hookup
352,brasilivre
353,bangalore
355,CaptainSparklez
356,DirtySexyKikPals
357,phgonewild
358,milfcumsluts
359,depression_memes
360,ButtsAndBareFeet
361,monster_cocks
362,CourtneyMiller
363,BitLifeApp
365,spirituality
367,NNLegalTeens
368,JustUnsubbed
369,Nest
370,cuckoldcaptions
371,FreeKarma4U
372,lastcloudia
0,dbz
2,BadDragon
4,assassinscreed
5,golf
6,Teachers
11,feet
12,Xiaomi
13,Accounting
15,piercing
18,RealAhegao
20,portugal
23,coaxedintoasnafu
24,mtgfinance
26,juul
30,Bondage
34,latinas
35,Kappa
36,PokePorn
37,archeage
38,Windows10
40,rant
42,Breeding
44,starcraft
45,ElderScrolls
46,paradoxplaza
49,BabyBumps
50,funhaus
53,ToolBand
54,saltierthancrait
55,AskUK
56,LabiaGW
57,gay_irl
60,Tekken
61,italy
62,MLS
63,CruciblePlaybook
65,animegifs
68,PostureTipsGuide
69,gwpublic
70,Rapekink
75,asktransgender
79,DataHoarder
80,pyrocynical
82,HFY
84,KitchenConfidential
86,Sexsells
87,Incest_Gifs
88,Bad_Cop_No_Donut
92,RandomActsOfMuffDive
101,PreggoPorn
103,Denmark
104,JessicaNigri
105,MarvelStrikeForce
106,HotStuffNSFW
107,CitiesSkylines
109,Cloud9
112,arabfunny
113,BreadStapledToTrees
114,skyrimmods
116,theyknew
117,UKPersonalFinance
119,realasians
120,DeathByMillennial
124,galaxys10
125,PixelArt
126,fasting
128,randomsexiness
130,DnDBehindTheScreen
133,AnimalCrossing
136,MasterReturns
137,HumanPorn
138,cyberpunkgame
141,community
142,UnsentLetters
144,IRLEasterEggs
148,firstworldproblems
149,AccidentalComedy
151,LadyBoners
152,succulents
153,adventuretime
154,Psychonaut
156,wowthissubexists
158,smallbusiness
159,homegrowntits
164,darksouls
165,EDC
166,MensRights
167,NSFW_HTML5
170,arresteddevelopment
171,ImaginaryMonsters
172,bertstrips
174,ArcherFX
177,PublicFlashing
178,gifsgonewild
180,CatTaps
181,yoga
183,jilling
184,datgap
187,keming
190,cumcoveredfucking
193,skateboarding
194,musictheory
195,girlskissing
197,warriors
199,quotes
201,AntiJokes
202,CuteModeSlutMode
203,Sneks
210,snapleaks
212,distension
216,wowthanksimcured
219,GrandTheftAutoV
221,csgo
222,tuckedinkitties
223,Breadit
224,FUCKYOUINPARTICULAR
225,languagelearning
231,architecture
233,smoobypost
235,askwomenadvice
236,socialism
237,ErinAshford
244,nsfw2
245,gif
247,ethtrader
248,socialanxiety
250,bengals
251,ArianaGrandeLewd
252,benzodiazepines
253,adderall
254,GoneWildTrans
256,void_memes
257,comedyamputation
258,WC3
259,hempflowers
260,BBW_Chubby
261,longrange
262,cybersecurity
263,Catswithjobs
265,MinecraftMemes
266,reactgirls
267,socalgonewild
270,TeslaModel3
271,overheardsex
273,JuliaRose
275,femalepov
276,cowboys
277,Dildo_Gifs
278,squirting_gifs
280,orgy
282,travisscott
283,FullScorpion
284,geekygirls
285,CongratsLikeImFive
286,F4M
287,GabbieCarter
288,momson
289,FootFetish
290,earlsweatshirt
291,replications
292,JennaLynnMeowri
294,TheGoodPlace
295,OakIsland
296,asiansissification
297,FreeAlesia
298,illnessfakers
299,bigareolas
300,kik
301,Coldplay
302,gachagaming
303,Political_Revolution
304,Sissiesinaction
306,sploot
307,modelmakers
308,grammar
309,DMT
310,CumHentai
311,BabeCock
312,truerateme
313,guineapigs
314,slavelabour
315,AlexisTexas
317,ddlg
318,GameShowNSFW
319,overclocking
320,ClothingKink
321,TeslaLounge
322,CelebrityArmpits
323,aaaaaaacccccccce
325,Dragula
326,SexWorkersOnly
327,legwrap
328,Turkey
329,religiousfruitcake
330,ZeroTwo
332,houseplants
333,ProgressiveGrowth
334,R4R30Plus
335,BrandiLove
336,ImaginaryWarhammer
337,nsfwbuys
338,Sexfight
340,HomeworkHelp
341,subsithoughtifellfor
342,fatestaynight
343,oilpen
346,Threesome
347,astrology
348,hottiesfortrump
349,stripgirls
350,GetStudying
351,DomesticGirlfriend
352,StudentNurse
353,legostarwars
355,veganfitness
356,exposedinpublic
358,Vanessa_Bohorquez
359,waifusgonewild
360,ravens
361,wifeporn
363,1200isfineIGUESSugh
364,everyfuckingthread
365,FashionRepsBST
366,UsernameChecksOut
367,Femaleorgasmdenial
368,Belle_Delphine_
369,LinusTechTips
370,DACA
371,digimon
372,Bestbuy
373,EmpiresAndPuzzles
374,Feet_NSFW
1,girlsfrontline
2,EliteDangerous
3,oculus
4,MaddenUltimateTeam
5,DuelLinks
9,MCFC
12,cookingtonight
15,IWantToSuckCock
16,BDSMcommunity
17,DC_Cinematic
18,twinks
19,IdleHeroes
20,punchablefaces
21,PUBGMobile
22,redditrequest
23,RepressedGoneWild
27,eagles
30,Swingers
31,howardstern
33,nyc
34,mexico
35,hotwifetexts
36,SuicideWatch
38,rugbyunion
39,ratemycock
41,China
42,BDSMGW
43,stopdrinking
45,thighdeology
50,Femdom
51,Repsneakers
53,Ebony
55,hentai_irl
60,boston
61,ShitAmericansSay
63,swtor
64,OverwatchUniversity
68,answers
69,MouseReview
70,Kaiserreich
72,NSFWIAMA
75,RateMyNudeBody
77,sissyhypno
78,BBCSluts
79,AskEurope
80,Shemales
81,blogsnark
88,goodyearwelt
91,CHIBears
93,gaybrosgonemild
95,collapse
100,Seaofthieves
107,gamegrumps
108,FinalFantasy
109,minnesotavikings
111,whatsthisbug
113,SeattleWA
114,CumHaters
115,chess
116,leafs
118,Edmonton
121,HollowKnight
122,crossdressing
123,bloodborne
124,PS4Deals
125,lingerie
126,WeatherGifs
128,startrek
130,facebookwins
132,wokekids
133,brushybrushy
134,seriouseats
135,RealPublicNudity
136,buttplug
139,trashpandas
140,GoneWildSmiles
144,marketing
145,Stoicism
146,whatsthisplant
148,wholesomegreentext
152,Pizza
154,webcomics
155,funsized
157,techsupportmacgyver
158,veganrecipes
159,Catloaf
160,TopGear
161,Innie
163,Christianity
164,TalesFromTheCustomer
167,weightroom
169,Buddhism
171,boltedontits
174,barkour
176,teefies
179,StonerEngineering
182,Thisismylifemeow
184,PornStarletHQ
185,AssholeBehindThong
186,GTAGE
187,Ooer
188,pronebone
190,Ripple
191,booksuggestions
192,playstation
193,InteriorDesign
195,HitBoxPorn
196,Idubbbz
199,suctiondildos
200,ecchi
202,AsianNSFW
203,SocialMediaSluts
204,pokies
205,Battlefield
206,GroupOfNudeGirls
207,japan
208,WtSSTaDaMiT
211,tanlines
214,MildlyVandalised
215,WouldYouRather
216,Naturewasmetal
218,ramen
219,TrueAskReddit
221,Nootropics
222,SexyFrex
223,ChangingRooms
224,pelfie
226,hardbodies
227,GoneWildPlus
233,DarkAngels
234,curledfeetsies
235,scriptedasiangifs
237,SlimThick
238,SnowWhites
239,blop
242,LearnJapanese
243,StreetFights
244,asianpeoplegifs
249,churning
250,InstagramHotties
251,MonsterGirl
252,PeakyBlinders
253,Slipknot
254,plantclinic
255,MetalMemes
256,DestinyFashion
258,trans
259,SleepPorn
260,migraine
261,NostalgiaFapping
262,privacytoolsIO
263,Milfie
264,HobbyDrama
266,ThickDick
267,myfriendwantstoknow
268,hapas
269,Sissy_humiliation
270,DrawMeNSFW
271,brexit
272,imaginarymaps
273,R6ProLeague
276,DigimonReArise
277,WTFwish
278,UlalaIdleAdventure
279,security
280,ElectricalEngineering
283,drugscirclejerk
284,BBCparadise
285,verizon
286,Fairytail_hentai
287,DippingTobacco
290,mycology
292,fortyfivefiftyfive
293,HomeNetworking
294,antiassholedesign
295,AskFeminists
296,d100
297,RobinHoodPennyStocks
299,DadsGoneWild
300,FitNakedGirls
301,GunAccessoriesForSale
303,GonewildAudible
305,RaidShadowLegends
306,whooties
307,whatsthisrock
308,ShaneDawson
309,dankvideos
310,mbti
311,cum
313,starwarscollecting
314,blondegirlsfucking
315,emogirls
316,pussyjobs
318,Navixsport
319,Tennesseetitans
320,Dabs
322,bigdickgirl
325,fiaustralia
326,careerguidance
327,hentaibondage
330,SCJerk
331,OreGairuSNAFU
333,BundleOfBrittany
334,spotify
336,araragi
339,ripcity
341,dankgentina
343,MUAontheCheap
344,twerking
345,chefknives
348,medical
349,uselessredcircle
350,gaynsfw
352,ScottishFootball
353,nakedgirlsdancing
354,Dreams
355,scrungycats
356,Break_Yo_Dick_Thick
357,rutgers
358,GirlsOnTop
359,PhonesAreBad
362,electricians
363,Brazzers
365,BlackWorldOrder
368,Forex
369,GiaPaige
370,NevilleGoddard
371,bi_irl
372,bridezillas
373,QueerEye
374,7daystodie
0,houston
4,The_Mueller
8,RileyReid
10,Celebswithbigtits
12,MMORPG
13,WorldOfWarships
18,Eminem
20,sloths
24,gay
25,slutwife
26,furry
29,spikes
30,morbidquestions
31,RedLetterMedia
33,UnearthedArcana
34,AndroidGaming
35,jpgsthatendtoosoon
37,NSFWBarista
38,CelebrityPussy
42,Warhammer
43,playrust
44,airsoft
46,GhostRecon
47,onmww
51,gentlefemdom
53,gangbang
57,virginvschad
62,xxxcaptions
64,boxoffice
65,androidapps
69,Scams
72,Hulu
73,moviescirclejerk
75,nursing
76,AskAnAmerican
82,coys
83,wholesomehentai
84,antifastonetoss
85,neoliberal
89,TheGirlSurvivalGuide
90,Pegging
91,Portland
93,JustNoSO
95,Mavericks
97,CODZombies
99,samsung
101,transformation
102,subnautica
104,CompetitiveTFT
105,realmoms
107,Ghosts
111,AskTrumpSupporters
112,Israel
115,Miakhalifa
116,bayarea
118,dayz
119,DivinityOriginalSin
121,weedstocks
124,Undertale
125,TrueFilm
127,SexyTummies
129,Nsfw_Amateurs
130,RBI
131,AppleWatch
133,asmr
141,Thetruthishere
145,passionx
147,cableporn
149,battlefield_one
154,HowToHack
156,vegetarian
159,learnart
160,thegrandtour
161,DontFundMe
162,Anticonsumption
163,catsareliquid
164,simpleliving
165,WorkOnline
168,UnsolvedMysteries
169,GirlswithNeonHair
170,outercourse
171,PUBG
172,Frisson
173,unixporn
176,CatsAreAssholes
179,amibeingdetained
180,TinyHouses
181,sewing
183,nothingeverhappens
186,YouSeeComrade
187,voluptuous
188,splatoon
190,UnderwearGW
192,networking
193,EverythingScience
196,RealLifeShinies
197,casualiama
200,arduino
202,beards
205,tattoo
206,masseffect
207,FrogButt
208,RobinHood
209,downblouse
211,assinthong
212,eatsandwiches
215,DesirePath
216,cleavage
217,BorednIgnored
220,InclusiveOr
222,ProperAnimalNames
224,malefashion
226,cookingforbeginners
230,NeckbeardNests
231,HailCorporate
233,geopolitics
234,CatSlaps
235,BreastEnvy
237,IndieGaming
240,FacialFun
241,Seattle
242,linguistics
244,classic4chan
246,radiohead
249,BobsBurgers
251,Im15AndThisIsYeet
252,Beardsandboners
253,sexting
254,swingersr4r
255,Minoxbeards
256,NameThatSong
257,hmmmgifs
258,MalesMasturbating
259,TheDragonPrince
261,SubsYouFellFor
262,realestateinvesting
264,SexiestPetites
265,WatchDogsDieInside
269,Costco
272,Waxpen
273,GuysFromBehind
274,Brunei
275,FigureSkating
276,rangers
277,metro
278,titanfolk
279,Jobudsmeetup
280,Models
281,LittleBritt
283,ufl
284,CosplayLewd
287,notlikeothergirls
288,traderjoes
290,PS5
291,celebJObuds
295,touhou
296,EraserNipples
297,abelladanger
299,MakeNewFriendsHere
300,Drizzy
301,MineralPorn
302,Twitter
303,AlchemistCodeGL
304,SpaceXLounge
306,xqcow
307,CuteTraps
308,InfowarriorRides
309,houkai3rd
310,prematurecumshots
311,Golfwang
312,Psychic
316,suns
319,bodymods
321,resumes
323,piercednipples
324,nipslips
325,SexWorkers
326,IKEA
327,3d6
329,IWantToBeHerHentai
330,aliens
331,PUBLICNUDITY
332,fnv
333,GTAorRussia
334,electricvehicles
335,KissAnime
336,MixedRaceGirls
337,CapitalismVSocialism
338,picrequests
339,Pornheat
340,BrownHotties
341,breastsucking
342,animenocontext
343,beatsaber
344,EntitledPeople
345,hotclub
347,SecurityAnalysis
349,AreolasGW
350,wrestling
351,hugefutanari
353,Agraelus
355,Hairy
356,AngelaWhite
358,bodyshots
359,ForeverAloneDating
360,MacMiller
361,Kaguya_sama
364,ColoradoAvalanche
365,DokkanBattleCommunity
366,Futadomworld
367,Whatisthis
370,RedditorCum
371,lesbianOral
372,Needafriend
373,AZCardinals
374,lossofalovedone
1,TapTitans2
4,CelebrityButts
6,funkopop
13,nattyorjuice
14,Hiphopcirclejerk
15,microgrowery
20,FPVvideos
21,bangtan
22,omad
25,cuckquean
26,PokemonMasters
28,googlehome
29,danganronpa
32,hardwareswap
36,OkCupid
37,Granblue_en
39,MtF
41,pornfree
48,ForeverAlone
50,JUSTNOFAMILY
60,catsarefuckingstupid
62,blacktears
64,crossfit
66,weekendgunnit
70,Vaping
71,bapcsalescanada
75,poker
78,DDLC
81,DissidiaFFOO
82,Firearms
83,5ToubunNoHanayome
86,OnePieceTC
87,hometheater
88,Madden
89,Death_By_SnuSnu
94,youboobers
95,dragonballfighterz
99,Shadman
102,painal
104,korea
105,ontario
107,gayporn
108,KingdomHearts
109,PSVR
110,metacanada
114,MensLib
116,FifaCareers
119,PleX
120,premed
121,sexover30
122,Pathfinder_RPG
126,budgetfood
133,WomenOfColor
134,sexygirls
135,GirlsHumpingThings
136,betterCallSaul
138,snapchat_sluts
139,beholdthemasterrace
141,knives
144,talesfromcallcenters
149,flexibility
150,tea
155,projectcar
156,texas
159,badhistory
160,delusionalcraigslist
164,thickloads
166,PetTheDamnDog
167,WhyEvenWearAnything
169,thighhighs
171,Ifyouhadtopickone
174,bigtitsinbikinis
176,Tendies
180,TwoRedditorsOneCup
181,seethru
183,Rainmeter
184,gorillaz
186,Overwatch_Memes
187,AnthemTheGame
189,ifyoulikeblank
192,occult
195,UFOs
199,TwinGirls
201,leangains
202,sportsarefun
207,humblebrag
211,AwesomeCarMods
212,electronics
213,ImaginaryLeviathans
216,throatpies
217,datascience
218,BigBoobsGonewild
220,Bottomless_Vixens
222,GoneWildScrubs
223,ConfusedBoners
224,forcedorgasms
225,The_Best_NSFW_GIFS
227,FreeGamesOnSteam
228,iWantToFuckHer
229,RedditLaqueristas
231,treesgonewild
236,JustHotWomen
237,excel
239,audioengineering
241,tombstoning
244,EntitledBitch
245,lanarhoades
247,bustyasians
250,ForwardsFromKlandma
251,painting
252,sharditkeepit
253,ondww
254,AndroidNSFWgaming
255,Stretched
256,roblox
258,femalehairadvice
259,IBO
260,WarhammerCompetitive
264,PERSoNA
265,besthqporngifs
266,Gaykikpals
267,NudeBeach
268,JailyneOjedaOchoa
270,ExplainAFilmPlotBadly
272,pihole
273,JapaneseUncensored
275,guro
277,gradadmissions
278,Firefighting
279,DaniDaniels
280,Huawei
281,NSFWPublic
282,cuckoldstories
284,BokuNoMetaAcademia
285,BeautyBoxes
287,SpaceXMasterrace
289,konmari
290,gag_puke
292,BaileyJay
293,bigdicklovers
295,NSFWGirl
296,NFA
297,wetspot
298,twerk
300,SCPDeclassified
301,AstralProjection
302,declutter
304,Colts
305,LatinasGW
306,starwarsnsfw
307,TechNope
308,BDSMAdvice
309,LogitechG
310,dankruto
311,watersports
312,reclassified
313,progun
314,NewVegasMemes
315,greysanatomy
317,Roughanal
318,iZone
321,fuckHOA
323,ENFP
327,littlespace
329,jerseyshore
331,yaoi
332,PiratedGames
334,AlissaViolet
335,love
336,GoneWildCD
338,gonewildchubby
339,BDSMpersonals
340,learnmachinelearning
341,MBMBAM
343,Rule34RainbowSix
344,creampie
345,bikecommuting
346,SSSniperWolf_Pics
347,selfharm
348,PickOne
349,hoggit
350,dfsports
351,FortniteFashion
353,Cornell
354,ArabPorn
355,hotones
356,Dell
357,PornMemes
363,creampiegifs
364,nathanwpyle
365,Kikpals
366,WorkIt
369,cumshots
371,synology
372,asexuality
373,snapchat
374,pesmobile
0,polyamory
2,AbusePorn2
4,titanfall
5,flying
9,sixers
11,gwent
16,AusFinance
19,ARK
20,canucks
21,ButtSharpies
22,Cartalk
23,Rateme
25,cock
26,porninaminute
29,bindingofisaac
36,RWBYNSFW
39,Gunpla
41,sandiego
42,titfuck
44,ModernMagic
45,syriancivilwar
47,adultery
50,NYKnicks
51,weddingplanning
53,ik_ihe
54,Watchexchange
55,omgbeckylookathiscock
56,AskEngineers
62,TrueFMK
64,forza
66,wetpussy
69,mobilelegends
75,wet_pussy
79,MDMA
80,lingling40hrs
84,HunterXHunter
88,Surface
89,ShemalesParadise
92,Atlanta
93,Orgasms
95,overlord
97,AsianAmericanPorn
100,penis
101,XXXTENTACION
102,Sissyperfection
103,Catholicism
104,VerifiedAmateurs
105,Dogtraining
106,Monitors
107,croatia
108,AyyMD
109,Stormlight_Archive
112,slaythespire
114,iwanttobeher
117,SiliconValleyHBO
120,BreadTube
124,dykesgonewild
125,Spiderman
127,GTAV
128,HungryButts
132,sarah_xxx
135,awfuleyebrows
136,emulation
139,bulletjournal
140,nhl
143,Wellworn
144,PantiesToTheSide
145,YogaPants
146,booty
148,RealEstate
149,woosh
150,PuppySmiles
155,trailerparkboys
157,beauty
158,NSFW_Plowcam
159,grilledcheese
161,introvert
162,FaceFuck
164,torpedotits
166,java
168,Feminism
169,Ultralight
171,Birbs
172,CampingGear
173,aa_cups
177,onions
178,malehairadvice
179,ilikthebred
182,amazingtits
183,AsianCuties
184,shorthairchicks
186,stockings
188,pornID
190,MandelaEffect
191,linuxmasterrace
193,GoodFakeTexts
195,ChristianGirls
197,JonTron
204,WeddingsGoneWild
207,OldSchoolCoolNSFW
208,killthecameraman
209,reactjs
210,Xsome
214,AquaticAsFuck
216,SexyButNotPorn
217,FauxBait
218,awwnime
219,FitAndNatural
220,LatinoPeopleTwitter
221,fifthworldproblems
225,forhire
227,megalophobia
228,MiaMalkova
230,Flipping
232,RemyLaCroix
234,TheoryOfReddit
237,TargetedShirts
238,elonmusk
240,svenskpolitik
241,Anarchism
242,subaru
243,gaymers
245,TalesFromThePizzaGuy
248,metalgearsolid
249,footballhighlights
250,victoria2
252,AsianMasculinity
253,Siswet19
256,Fisting
257,EdmontonOilers
258,ElectricSkateboarding
259,Lela_Star
260,Asiantraps
261,AmandaCerny
262,ebikes
263,leahgotti
266,Finanzen
267,Guiltygear
270,JaydenJaymes
271,PremierLeague
272,Embroidery
273,askTO
274,nosurf
275,GamerGhazi
276,LightNovels
277,foreskin
278,PussyMound
279,Fingering
281,AsianCumsluts
282,asiangirlswhitecocks
283,Youniqueamua
285,PantyPeel
286,OnlyAmateurPorn
288,FGOcomics
292,cerner
293,FilthyGirls
294,FlarrowPorn
296,ThickChixxx
297,SwitchHacks
299,anal_gifs
300,Animedubs
302,PokemonTCG
303,cosplayonoff
304,gunpolitics
305,PornStarPlanet
306,cocaine
308,sissykik
310,MacOS
311,minecraftseeds
312,ladyladyboners
313,RetrousseTits
315,cataclysmdda
316,Amoledbackgrounds
317,Currentlytripping
319,IndianGaming
320,swordartonline
321,researchchemicals
322,pakistan
323,udub
324,janicegriffith
325,Titties
327,Starlink
328,CompTIA
329,GalGadot
331,godot
332,USPS
335,MCPE
336,Sexyvelma
337,meth
340,SluttyHalloween
341,pokemontrades
343,SpeedOfLobsters
344,3DPorncraft
345,gaymersgonewild
346,tbulges
347,witchcraft
348,Busty_Girls
349,autism
353,Minecraftbuilds
354,AskThe_Donald
356,SiegeAcademy
358,NeverStopAGirlFight
361,IndiaSpeaks
363,Nepal
365,Purdue
367,dragonquest
370,computerscience
371,ListOfSubreddits
374,CumFromAnal
0,thinkpad
1,speedrun
6,functionalprint
7,DemiRoseMawby
12,tmobile
13,StLouis
14,sanfrancisco
15,warcraftlore
17,forsen
24,beyondthebump
25,fountainpens
29,simracing
39,transtimelines
44,RepLadies
48,LodedDiper
51,broslikeus
55,BigBrother
57,fivenightsatfreddys
58,WorldofTanks
61,WhereAreAllTheGoodMen
64,AFL
69,NYYankees
70,DecreasinglyVerbose
72,RagnarokMobile
73,harrypotterwu
77,sources4porn
85,COMPLETEANARCHY
86,namenerds
87,lactation
92,AmericanHorrorStory
93,philadelphia
97,timberwolves
98,Natureisbrutal
99,onebag
100,Stuffers
104,Bumble
107,SkinnyPussy
108,BokuNoEroAcademia
111,GoneWildHairy
114,GamingDetails
118,womenintrouble
120,norge
126,supremeclothing
127,learnmath
128,Jazz
130,screenshots
132,cocktails
134,hipcleavage
138,nsfw_videos
139,Nipples
140,NSFW_Korea
141,GlobalOffensiveTrade
142,swedishproblems
145,linuxadmin
146,ahegao
149,TributeMe
150,cameltoe
155,barelylegalteens
156,ThickThighs
157,ar15
158,BitcoinMarkets
159,node
161,Borderlands2
164,daddit
168,StoriesAboutKevin
173,AsianPorn
176,options
178,Animesuggest
179,MasterOfAnal
181,FancyFollicles
183,hopelesssofrantic
184,OralCreampie
185,whiteknighting
186,iiiiiiitttttttttttt
189,girlswhoride
190,facesitting
191,seinfeld
193,petite
195,PunPatrol
198,deepweb
200,MilitaryGfys
201,HIMYM
202,ObscureMedia
203,leggingsgonewild
205,ABraThatFits
206,SexyFlowerWater
207,FlashTV
208,WWE
209,FortniteLeaks
216,GoneErotic
220,skeptic
221,Handwriting
222,ipad
223,cumonclothes
225,MovieSuggestions
226,Puffies
227,linux4noobs
231,Ohlympics
232,Oilporn
234,germany
236,bikinis
239,japanpics
242,Makeup
244,ImaginaryCharacters
246,fatpeoplestories
248,MTB
249,chaoticgood
251,1000ccplus
252,obsf
253,PublicBoys
254,serbia
255,UofT
256,reversecowgirl
259,yuri
260,RedditInReddit
262,wwiipics
264,NanatsunoTaizai
266,masturbation
268,bostontrees
270,AnimeFeet
271,Dominated
272,WayOfTheBern
273,laptops
274,amateur_boxing
275,EngorgedVeinyBreasts
276,starsector
279,Construction
280,vanderpumprules
281,videography
282,reddeadmysteries
283,Mcat
284,mechmarket
285,MuayThai
286,creampiegangbangs
290,collegensfw
293,MemePiece
294,wasletztepreis
297,AndroidAuto
302,AssVsBoobs
307,LAClippers
309,AlzheimersGroup
310,WiggleButts
312,iPoonamPandey
313,heteroflexible
316,buffalobills
317,lolgrindr
318,ketamine
319,UtahJazz
320,softies
321,Professors
322,BBWGW
323,ShitLiberalsSay
325,Girls_Thirstin
327,SchoolGirlSkirts
330,manyvids
331,RATS
333,RealHomePorn
334,BubbleButts
335,oaklandraiders
336,DeliciousTraps
338,HVAC
339,alasjuicy
340,koreanvariety
342,xvr
343,RachelStarr
345,auckland
347,unrealengine
348,ACPocketCamp
351,attackontitan
352,gravityfalls
354,Dogfree
355,riddles
359,AnimeBooty
362,Vore
363,Transmogrification
364,hotpast
365,chastity
368,tinydick
370,FL_Studio
371,doublepenetration
372,Bukkake
374,CardiB
0,Polska
3,Pete_Buttigieg
4,darkestdungeon
6,AskNYC
7,Mordhau
8,Paladins
12,Winnipeg
16,fuckmeat
17,nsfw_wtf
20,mountandblade
21,dragonage
29,ContestOfChampions
31,rust
32,detroitlions
36,kratom
44,JavDownloadCenter
50,Pee
51,customhearthstone
53,synthesizers
58,minipainting
59,Keep_Track
62,vaporents
65,Maplestory
70,lastweektonight
72,WatchRedditDie
73,bois
74,nier
75,chickflixxx
79,IncestComics
81,northernlion
83,uwaterloo
86,HPfanfiction
88,brisbane
89,Rabbits
90,DanLeBatardShow
93,Roku
104,Rapunzel
107,breakingmom
108,woweconomy
109,Austria
111,askcarsales
112,washingtondc
116,LongDistance
119,BoltedOnBooty
121,Denver
122,fatFIRE
126,camwhores
128,piano
129,FlubTrash
130,MoundofVenus
131,Thicker
133,Afrodisiac
134,OnStageGW
137,OnHerKnees
138,WalmartCelebrities
142,Brogress
143,titlegore
144,economy
147,PornStarHQ
148,fuckthesepeople
150,NotHowDrugsWork
151,Fuckthealtright
153,braceface
158,castiron
160,mentalhealth
162,Ubuntu
163,pulsatingcumshots
164,LegalTeensXXX
168,GunPorn
172,halloween
173,powerlifting
175,2meirl42meirl4meirl
176,makinghiphop
181,TheOnion
182,Vive
183,fantasywriters
187,wicked_edge
189,BBQ
190,WTFgaragesale
195,Sekiro
197,Lovecraft
199,xkcd
200,shield
204,esist
205,NSFWCostumes
206,nextdoorasians
207,crochet
209,androiddev
216,pennystocks
218,Bonsai
224,VolleyballGirls
226,torrents
228,Supernatural
229,ainbow
233,LatinaCuties
235,SpidermanPS4
238,LiyaSilver
242,lockpicking
243,mmgirls
244,GlitchInTheMatrix
245,BMW
247,csharp
249,RuinedOrgasms
250,Pineapplebrat
253,VirginityExchange
256,Broadway
258,toddlers
261,HighHeels
262,AskPhotography
267,aws
271,CumshotSelfies
272,chapotraphouse2
274,AskVet
276,SummertimeSaga
277,weightwatchers
278,Kirby
279,razer
282,redditsings
284,Kendra_Sunderland
286,Sissy
288,cirkeltrek
290,kaliroses
291,TanaMongeau
292,vzla
293,femdomgonewild
295,Veterans
298,ironscape
299,freemagic
302,panties
303,stalker
305,beatlescirclejerk
306,SimplySidney
307,SubsIFellFor
308,birthcontrol
309,nudefrog
310,tscumsluts
311,SuddenlyIncest
312,CuckoldCommunity
313,Erotica
315,AskElectronics
318,milkingtable
319,spreadeagle
321,DJs
322,applehelp
323,ApexOutlands
324,ABDL
325,RepTronics
328,BlowJob
329,TheSilphArena
330,BonersInPublic
331,crashteamracing
332,nSuns
333,hackintosh
335,hellsomememes
336,Squatfuck
337,PornStars
338,UnexpectedJoJo
340,HermitCraft
343,usedpanties
345,Plumbing
348,PussyGifs
352,LesbianActually
353,SextStories
354,Addons4Kodi
357,grandsummoners
359,WomenBendingOver
360,Residency
363,MassagePorn
365,SourcePornMaker
367,DestinyChildGlobal
368,programminghorror
372,lfg
374,alberta
0,teslore
3,Berserk
6,ShinyPorn
12,SommerRay
14,btd6
15,fantanoforever
16,future_fight
17,TankPorn
23,Tgifs
24,MLBTheShow
26,nsfwcyoa
29,communism
37,Kingdom
38,TalesFromThePharmacy
45,ArianaGrande
68,EnterTheGungeon
71,DesignerReps
72,ftm
73,postmates
74,instantpot
75,japanlife
76,infp
77,islam
79,fuckepic
80,tressless
82,GearsOfWar
83,ElizabethTurner
84,Doom
91,WolvesAreBigYo
92,SoCalR4R
93,BreakUps
94,pharmacy
96,KDRAMA
103,bourbon
104,sugarlifestyleforum
105,ItHadToBeBrazil
107,Fire_Emblem_R34
108,ems
113,gfur
118,twice
119,SexyWomanOfTheDay
121,muacjdiscussion
128,amazon
130,opendirectories
132,Incorgnito
133,freelance
135,orgasmcontrol
136,SupermodelCats
140,pitbulls
141,devops
142,AskMenOver30
143,TessaFowler
146,trackers
147,legs
150,football
151,DarkSouls2
153,retrogaming
155,snapchatgw
158,IndoorGarden
159,MiniLadd
160,donaldglover
162,EmilyBloom
164,CasualJiggles
166,smoking
171,spiderbro
174,blackcats
176,shortcuts
178,BlowjobGifs
181,Workoutgonewild
182,samespecies
183,windows
185,cfnm
187,askphilosophy
190,howyoudoin
195,androidthemes
196,gamecollecting
198,Annoyedtobenude
199,buildapcforme
203,OTMemes
205,cosplaybutts
208,Blonde
213,Just18
214,linux_gaming
219,homegym
221,GifsOfRemoval
226,spicy
230,ableton
233,coltish
237,collared
238,TopSecretRecipes
241,socialmedia
244,preppers
245,firefly
247,NotSafeForNature
249,before_after_cumsluts
251,highheelsNSFW
252,footjobs
255,LSAT
258,Dashcam
259,TNOmod
261,csMajors
262,TitansTV
263,PerfectPussies
264,ridingxxx
265,lawschooladmissions
266,doggy
268,Bulges
272,lele_pons
273,mangonewild
274,cam_gifs
275,WRX
276,ClassyPornstars
279,thisisus
280,deadcells
283,TameImpala
284,LizKatz
285,GreatXboxDeals
286,GradSchool
288,Yesjulz
289,cumtributes
290,AdrianaChechik
291,penpals
292,ShokugekiNoSoma
293,GayGifs
296,vagina
299,DevilMayCry
300,CPTSD
301,othepelican
303,GFTJCreampie
305,BudgetAudiophile
306,myfavoritemurder
310,Hunting
311,CaraDelevingne
312,badcode
314,pegging_unkinked
316,PurplePillDebate
317,FullmetalAlchemist
321,ssbbw
327,NakedAdventures
328,CSRRacing2
329,lindseypelas
330,SFr4r
331,lucifer
332,UBC
334,terriblefandommemes
336,BPD
337,LingerieGW
338,smashbros34
340,EmilyRatajkowski
342,CharacterRant
343,UCSC
345,Strippersonthejob
346,Spanking
347,starwarsspeculation
348,Judaism
350,KimKardashianPics
351,NarutoFanfiction
352,Ubiquiti
353,NudeCelebsOnly
355,ChineseLanguage
356,berlin
357,EnhancedFucktoys
359,PiercedNSFW
360,Balls
361,lostgeneration
363,SexToys
365,Chargers
367,Random_Acts_Of_Amazon
368,5050pics
371,worldofpvp
372,CelebrityCandids
373,gamingsuggestions
374,rockets
2,showerbeer
4,JRPG
6,SophieM
13,XChangePill
18,CompetitiveHS
20,CompetitiveWoW
23,StreetFighter
26,rantgrumps
28,lewdgames
30,eroticliterature
33,trypophobia
35,arrow
37,discgolf
39,Sat
41,PokemonLetsGo
42,HotBabesFromThePast
48,ageofsigmar
51,suddenlysexoffender
53,custommagic
55,Columbus
58,guitarpedals
61,Frat
62,OverwatchTMZ
74,morbidlybeautiful
76,homeowners
77,kingdomcome
78,evangelion
80,LawSchool
82,Bass
83,USMC
86,LoveNikki
87,survivinginfidelity
89,CCW
95,bimbofication
96,exercisepostures
98,gilf
101,firefox
109,GodofWar
113,halifax
123,ChavGirls
130,Iota
136,virtualreality
137,Avengers
141,Drumkits
144,girlsdoingstuffnaked
145,CrossStitch
147,linuxquestions
148,AmateurDeepthroat
152,pan
153,democrats
154,trap
155,SampleSize
157,IncreasinglyVerbose
158,etymology
172,DirtyGaming
173,JapanesePorn2
178,leaves
180,AlexaPearl
183,skinnytail
185,PHP
186,cpp
187,EmmaWatson
188,FreeGameFindings
189,whiskey
190,mlb
192,Pets
194,PowerShell
196,KneadyCats
198,celebsnaked
201,uglyduckling
208,brockhampton
209,Tiresaretheenemy
211,shitpost
216,LoveToWatchYouLeave
217,leanfire
218,Playboy
219,untrustworthypoptarts
221,archlinux
226,tight_shorts
227,streetwearstartup
231,tolkienfans
233,goldenretrievers
237,chicagobulls
240,Animewallpaper
242,German
243,facingtheirparenting
246,KendrickLamar
248,insertions
249,WaltDisneyWorld
250,KylieJenner
251,34Honor
252,hangers
253,alexandradaddario
255,Falcom
256,Rihanna
257,Achievement_Hunter
259,BrieLarson
262,FrugalFemaleFashion
263,WearOS
265,Switch
273,HugeHangers
278,oblivion
279,ak47
281,youngporn
282,badunitedkingdom
284,Deltarune
290,DirtyConfession
294,AustralianPolitics
295,ModelsGoneMild
296,step1
297,FanFiction
299,Hitomi_Tanaka
300,carolinecallowaysnark
301,thesopranos
303,annakendrick
304,Brawlhalla
306,TopsAndBottoms
307,Shitstatistssay
309,Rivenmains
310,Laesterschwestern
311,libertarianmeme
312,DillionHarper
314,jkfilms_nsfw
318,BelleDelphineLewds
320,visualnovels
321,femdom_gifs
322,CedehsHentai
323,Tentai
324,Finland
325,malegrooming
328,BestTits
329,Weddingsunder10k
330,kings
332,WhiteCheeks
334,ProstatePlay
336,Rammstein
342,mariafernanda
346,RapLeaks
347,consoledeals
349,shieldbro
352,tax
353,fuckingmachines
355,LisaAnn
356,manchester
357,ElizabethWarren
358,nagatoro
359,edging
361,straponlesbians
362,playatlas
364,HotWifeRequests
365,Psychedelics
366,smalldickproblems
367,ComedyHitmen
372,IPTV
0,ContraPoints
3,intel
6,ACT
20,LPOTL
22,WWEGames
23,consulting
24,NBASpurs
37,belgium
38,AvaAddams
45,hairlesspussy
47,ultrawidemasterrace
50,2b2t
51,terracehouse
56,AnimeMILFS
63,BellaThorne
64,BreastExpansion
71,residentevil
72,redditmobile
76,GalaxyS8
78,indonesia
81,AgainstHateSubreddits
83,Bisexy
98,RotMG
101,SSBM
113,CubeWorld
116,exxxchange
117,KansasCityChiefs
124,CompetitiveForHonor
126,Supplements
129,Amish
137,PlantedTank
138,zerocarb
142,California
144,sweatermeat
145,DrunkGirls
146,enf
153,WWII
154,buttsthatgrip
157,Barelylegal
161,LenaPaul
163,cottontails
165,muacirclejerk
166,Evalovia
170,ios
172,HaveWeMet
182,googleplaydeals
186,RocketLeagueExchange
190,ClothedTitfuck
194,cycling
195,Scotch
196,CrimeScene
197,PhotoshopRequest
198,FullPornSources
200,classysexy
201,OnOffCelebs
202,PlayStationPlus
204,Presenting
206,NadyaNabakova
208,guitarlessons
219,naturalbodybuilding
223,MeanJokes
224,TheExpanse
230,Rule34Overwatch
231,SpitRoasted
237,tall
238,xxketo
241,wine
242,Anarcho_Capitalism
249,Sashagrey
250,AvatarPorn
252,KimmyGranger
253,oculusnsfw
255,ATT
258,bakchodi
260,gaybears
263,falcons
265,peegonewild
271,proplifting
273,F1Game
277,MaddenMobileForums
279,SwitchHaxing
280,G59
282,DestinyMemes
283,cuminsideme
285,Witcher3
289,TerminallyStupid
295,ballsdeepandcumming
296,farmingsimulator
297,legaladviceofftopic
298,panthers
299,BritishSuccess
301,drums
302,gayincest
304,CanadianMOMs
305,baldursgate
306,indiangirls
309,audible
310,EgregiousPackaging
314,pantsu
318,BlackPink
322,sales
325,superheroporn
326,FinancialCareers
328,MilfHunterKakyoin
332,iRacing
335,ABCDesis
337,kotor
340,diabetes
342,PerkyChubby
344,shiba
345,laurenpisciotta
347,preggo
350,golang
353,ft86
354,SuckingItDry
355,HomemadeGIFs
356,WeddingRingsShowing
357,bollywood
358,makeyourchoice
359,keyholdercaptions
360,orgasmiccontractions
362,AshleyAlban
363,StupidFood
365,battlecats
367,whaletail
368,MikomiHokina
369,Hair
370,ValveIndex
373,infj
4,mangadex
9,HiTMAN
10,Scotland
11,WoT
12,nrl
17,javdreams
21,PokemonROMhacks
22,dubai
30,Xenoblade_Chronicles
31,GameOverGirls
36,exmuslim
41,aznidentity
47,Metalcore
48,Blizzard
50,SamandTolki
52,RocketLeagueEsports
55,Barca
59,crashbandicoot
70,aspergers
73,NYGiants
75,opiates
79,teamliquid
80,gatech
81,spaceengineers
82,Dallas
90,PuzzleAndDragons
92,IndianPorn
93,internetparents
96,perth
97,GODZILLA
102,Miata
109,samharris
121,Oxygennotincluded
123,panelshow
125,braless
130,iosgaming
132,uncommonposes
135,farcry
139,mila_azul
140,ITCareerQuestions
141,MissAlice_18
143,shorthairedhotties
146,AskNetsec
152,beachgirls
157,sneakermarket
167,WarshipPorn
169,SaraJUnderwood
174,punk
176,UnexpectedThanos
179,EnoughTrumpSpam
180,videogamedunkey
181,RedditsMuseumofFilth
182,FuckingPerfect
183,ImpresssedByCum
186,tipofmyjoystick
188,tightsqueeze
192,LetsTalkMusic
194,starbound
195,Scrubs
196,HighMileageHoles
200,dillion_harper
202,FoundPaper
203,dwarffortress
206,ElsaJean
207,RedheadGifs
211,TVDetails
213,Fireteams
214,amazonecho
218,transgender
219,CBD
222,dauntless
223,UpvotedBecauseButt
225,Republican
226,shittydarksouls
230,Splitview
234,pureasoiaf
236,twentyonepilots
238,vim
239,twinpeaks
240,OkBubbyRetard
244,hittableFaces
251,ComfyButts
252,MiddleEasternHotties
254,UIUC
255,Kenshi
259,AirBnB
261,alteredbuttholes
264,bleach
267,EmulationOnAndroid
269,CanadianForces
274,heat
277,parrots
278,NSFWgaming
280,Ebay
284,gamedesign
290,madison_ivy
292,FreshGIF
294,gaycumsluts
297,BaltimoreAndDCr4r
302,sabaton
304,cremposting
306,IncestGifs
308,Dragonballsuper
311,brandonsanderson
317,FitGirlsFucking
322,Saints
324,C_Programming
327,nbadiscussion
328,intj
337,AskHR
339,DeepRockGalactic
341,CelebsBR
344,DeadEyes
346,northernireland
349,fragrance
350,HugeDildos
355,horse
358,BlowjobEyeContact
360,stepparents
364,DarlingInTheFranxx
365,CallMeKevin
366,homeassistant
367,xmen
370,NewSkaters
371,microsoft
372,IndiaInvestments
2,GameStop
4,DynastyFF
5,pregnant
10,pittsburgh
14,southafrica
18,navy
24,Momokun_MariahMallad
27,Chromecast
28,GiannaMichaels
32,Hugeboobshardcore
35,paydaytheheist
38,appletv
40,thepiratebay
43,teenagepussy
47,playark
48,falloutlore
59,WizardsUnite
73,FishTapedToATMs
74,HomemadeGayPorn
91,greece
97,FFRecordKeeper
104,wgbeforeafter
109,shameless
115,KingkillerChronicle
122,bigboobproblems
123,phoenix
125,DivorcedBirds
126,Jeep
128,wet
130,horizon
137,PremiumSnapchat
139,bouldering
141,bipolar
143,Mommit
145,POV
146,KingOfTheHill
150,microdosing
153,TheHandmaidsTale
162,GoNets
165,thelastofus
171,Megumin
172,statistics
174,groupsex
175,AlisonBrie
180,Page3Glamour
182,JemWolfie
184,homesex
198,PAWGtastic
201,beatles
202,knifeclub
206,GirlGamers
207,Duklock
209,AthleticGirls
212,Objects
222,mylittlepony
223,bowsette
224,deathgrips
230,newjersey
232,FilthyFrank
244,French
248,NSFWfashion
250,translator
251,snakes
253,EvaElfie
256,gaycruising
259,stephenking
269,Telegram
280,TheWeeknd
289,SonyAlpha
290,disneyporn
291,Nationals
292,TaylorAlesia
299,asianhomemadexxx
301,ConanExiles
303,TheMotte
305,fantasyhockey
307,Dentistry
308,MaitlandWard2
309,The_Wall
311,gape
312,communism101
319,steinsgate
321,futanari_Comics
325,WEPES
327,TinderNSFW
329,ScarlettJohansson
330,killteam
331,dyinglight
334,Hamilton
336,duolingo
337,chrome
338,hajimenoippo
341,fairytail
345,Amouranth
353,chanceme
354,CelebrityNipples
355,SmallDickGirls
357,slightcellulite
359,hentaifemdom
360,HomemadeNsfw
362,glasgow
363,GsSpot
367,minecraftsuggestions
373,transformers
1,BleachBraveSouls
5,Quebec
15,ncaaBBallStreams
29,Grimdawn
30,DoctorPimple
31,puppy101
32,PKA
36,bartenders
80,Vechain
83,rpdrcringe
84,Welding
86,incremental_games
87,Tools
88,wholesomeyuri
89,SelenaGomez
91,flightsim
92,Anna_Faith
93,DenverBroncos
98,Vermintide
100,arma
101,thiccerthanyouthought
102,transpassing
105,nashville
110,riverdale
111,Michigan
112,STPeach
114,spookyChorror
126,DumpsterDiving
129,chromeos
130,NekoIRL
131,ihavereddit
133,AskAcademia
145,EyeRollOrgasm
149,MkeBucks
152,SharedBPM
154,LGBTeens
156,Amateurincest
159,Disneyland
160,YAYamateurs
162,kateupton
164,gag_spit
166,vita
169,PS3
172,Thunder
180,MilitaryGoneWild
190,aves
201,weightlifting
202,TalesFromTheSquadCar
207,SovietWomble
210,ynab
216,cleanjokes
220,anriokita
225,Spanish
232,mycleavage
234,vexillologycirclejerk
241,IsTodayFridayThe13th
242,urbanplanning
247,montreal
254,DCEUleaks
255,analgonewild
257,miband
262,StruggleVids
266,DrugStashes
269,uAlberta
275,prey
276,poland
278,PanPorn
279,HypnoHentai
280,AmateurGroups
285,mcgill
287,bigdickjoy
288,taboofans
289,newtothenavy
291,MovieStreamingSites
295,trashyboner
296,entp
298,gratefuldead
299,Gymnastics
302,Whoregasm
303,watercooling
306,UTAustin
314,AskScienceDiscussion
317,ExhibitionistSex
318,femyiff
324,ShitpostXIV
326,NYr4r
327,DetroitPistons
331,23andme
343,lesdom
344,AceAttorney
349,6thForm
352,hungary
353,CelebrityFeet
355,wedding
357,sadboys
362,trucksim
363,remnantgame
368,JOIP
369,Beatmatch
372,GundamBattle
373,bald
0,KGATLW
10,Xcom
11,steroids
16,Divorce
19,MarvelCringe
21,VoteBlue
26,NHLHUT
30,giantbomb
35,nova
40,Greekgodx
50,TryingForABaby
53,motogp
59,Dashboard
67,bruhmoment
77,Cubers
78,TrashyPorn
82,INTP
88,Gundam
89,pillowtalkaudio
95,Izlam
96,Megturney
106,ChristenHarper
125,GameTheorists
135,Gameboy
136,RetroPie
137,rawdenim
139,VPN
140,cigars
142,Throatfucking
153,cunnilingus
157,chadsriseup
158,TokyoGhoul
161,minnesota
167,iOSBeta
170,TheBoys
173,bettafish
176,CaughtFucking
177,audiobooks
182,MomForAMinute
186,Skookum
189,AlbumBabes
191,HalfLife
200,JenniferLawrence
202,consentacles
205,HomemadePorn
207,amiibo
208,FaceofPain
212,pokemongotrades
214,HoleWreckers
216,surfing
218,Firtsbornunicorn
221,FortniteCreative
227,HaircareScience
228,RepTime
231,MarioMaker
233,sexystories
237,postorgasm
245,ElsaGate
246,asaakira
247,progmetal
255,streetmoe
258,selfhosted
266,OSU
267,awardtravel
269,blackladies
270,billsimmons
275,asianamerican
281,PornGifs
293,SCCM
303,tacobell
304,Archery
314,SkyeBlue
315,ASU
317,Vinesauce
318,americandad
319,Astroneer
323,AbigailRatchford
326,KendraLust
328,ethfinance
342,Nirvana
344,singing
348,ClaraBabyLegs
349,KatyaEliseHenry
351,ToyotaTacoma
356,Dbz34
358,Sexy
359,Audi
2,Market76
4,Planetside
14,cripplingalcoholism
25,kansascity
28,realmadrid
41,DetroitRedWings
50,GalaxyS9
66,SpoiledDragRace
77,nsfwcelebs
86,ExNoContact
106,rva
112,acecombat
114,ussoccer
119,fastfood
120,yourmomshousepodcast
133,NakedOnStage
134,oversharing
141,KateeOwen
162,Indiemakeupandmore
172,Porsche
178,Jia_Lissa
183,DeFranco
190,flashlight
192,CumAgain
193,CannabisExtracts
195,CowChop
196,MakeupRehab
200,neckbeardRPG
207,AlexisRen
210,RoastMyCar
213,lifeisstrange
216,nicoleaniston
236,randomsexygifs
244,alcohol
247,Honda
253,Stims
255,nsfwanimegifs
262,GirlsInDiapers
265,gamindustri
270,baberotica
273,DirtyJokes
279,electricdaisycarnival
280,ShibbySays
282,canadaguns
284,ShieldAndroidTV
298,CEI
300,KamenRider
307,salty
308,jackoffconfessions
315,Machinists
317,shittymobilegameads
320,yiffgif
321,EmiliaClarke
324,homestuck
330,soccercirclejerk
336,TheLostWoods
346,FrugalMaleFashionCDN
349,ApexLegends_Porn
351,bingingwithbabish
355,Emo
358,mazda3
367,whatcarshouldIbuy
368,HPHogwartsMystery
2,LoveIslandTV
19,tomorrow
27,Hue
42,S10wallpapers
52,AndroidQuestions
54,hockeyplayers
64,ryancreamer
65,uberdrivers
67,Habs
68,Detroit
84,BatmanArkham
94,LivestreamFails
99,Nicki_Minaj
110,Stargate
112,sto
115,Lithuaniakittens
117,Coachella
130,asian_gifs
134,SuggestALaptop
138,Redskins
144,Etsy
151,ElsieHewitt
152,denvernuggets
155,StrugglePorn
157,FFXV
159,RachelCook
171,cougars
173,GBr4r
177,Mooning
181,Fantasy_Football
186,YanetGarcia
188,TooBig
189,DarK
190,FalloutMods
202,Random_Acts_Of_Sex
208,MilitaryStories
209,MadeMeCry
231,madmen
254,Insurance
283,Snus
289,UMD
296,quick_hentai
301,WhiteAndThick
302,girlscontrolled
308,Nerf
310,Thailand
325,Dodgers
327,magiarecord
341,EroticHypnosis
344,HotWifeLifestyle
345,Tori_Black
348,4Runner
350,StudentLoans
353,PresidentialRaceMemes
359,pacers
362,fitness30plus
363,UncensoredAsian
364,mazda
372,hardstyle
374,langrisser
1,short
12,RPDRDRAMA
19,caughtandcontinued
33,DetailCraft
43,thegabbieshowpics
71,AndroidTV
77,Morrowind
83,FUTMobile
86,rolfharris
88,1200isjerky
99,SrGrafo
102,orangecounty
104,transpositive
112,POLITIC
119,TsumTsum
121,OneyPlays
122,jerma985
123,UCSD
134,VinylDeals
139,Handjob
149,rpg_gamers
156,NieceWaidhofer
162,Re_Zero
174,Trucks
175,wowservers
179,Unclejokes
195,Saggy
199,kindle
213,PixelArtNSFW
223,DestroyedTanks
237,milanavayntrub
238,DaystromInstitute
241,18plusGIFs
244,butterface
250,shesgonnacum
253,CentaurGirls
258,Adelaide
264,shittytechnicals
277,sneakyporn
291,civ5
293,fcbayern
294,TheBlackList
295,granturismo
296,the1975
297,gaystrugglefuck
302,UCI
313,feelthemup
317,njpw
318,Fighters
319,LiveFromNewYork
338,CFA
339,AnimeFigures
348,GilmoreGirls
352,justforsocialmedia
355,ClashOfClansRecruit
356,nsfwgif
362,chicagor4r
365,Mustang
369,gaypornhunters
8,Minneapolis
21,ShitPoliticsSays
39,Kings_Raid
53,climbharder
61,Xev_Bellringer
62,CompetitiveEDH
94,Texans
118,swg
155,MindHunter
157,The100
166,Roast_Me
174,printSF
192,clevelandcavs
200,APStudents
204,peloton
211,Korean
235,HistoryAnimemes
248,exchristian
251,LOONA
255,simpsonsshitposting
267,Neverwinter
268,WedgieGirls
269,LoveLive
273,Knife_Swap
279,Blink182
281,hearthstonecirclejerk
282,publix
301,berserklejerk
307,Cosmere
310,100thieves
311,fermentation
322,uofm
326,lanadelrey
331,TowerofGod
332,slatestarcodex
339,HypnoGoneWild
340,MBA
346,saskatoon
353,redscarepod
357,GrowCastle
362,yungfreckzunmoderated
366,Buffalo
0,ZoieBurgherOnly
2,LiveTvLinks
5,Megaten
27,BigBrotherNSFW
31,criterion
45,MTGLegacy
61,Parahumans
71,ultimate
74,noveltranslations
77,Enough_Sanders_Spam
95,GalaxyNote9
113,MapleStoryM
114,kindafunny
119,arielwinter
135,NOLAPelicans
137,sbeve
156,TeenTitansPorn
166,RussiaLago
173,dontstarve
176,Glocks
180,TwinCities
190,arcticmonkeys
195,amateurradio
197,orlando
203,borrow
213,foundthemobileuser
217,TrueDoTA2
218,breastfeeding
219,livesound
229,EtikaRedditNetwork
247,Metroid
250,caps
253,SuperMegaShow
264,Gloomhaven
275,myNBA2KMobile
278,CelebSexScenes
280,DDLCRule34
281,Natalissa
282,gaypornwithplot
283,uBlockOrigin
288,insurgency
290,raleigh
306,bostonr4r
309,KeyforgeGame
311,Metallica
331,euphoria
351,legodeal
357,Norway
363,Rowing
10,ActionFigures
18,SatisfactoryGame
39,Sacramento
42,CrazyHand
51,madisonwi
56,VictoriaBC
71,NewOrleans
75,bigclit
84,riskofrain
99,Shadowverse
115,ohgeelizzyp2
143,AutoChess
148,fitbit
169,bikewrench
174,LineageOS
177,comics18_story
185,haskell
193,Monstercat
202,AdultAnimatedGifs
203,DickSlips
250,CalgaryFlames
254,londonontario
256,SwagBucks
282,HaileeSteinfeld
285,TheBrewery
287,ClopClop
309,yescompanionimbecil
317,rape
323,GolfGTI
327,DetroitBecomeHuman
334,elderscrollslegends
337,uktrees
346,berkeley
347,japancirclejerk
355,HaggardGarage
360,Petscop
363,TownofSalemgame
366,VitaPiracy
10,baltimore
12,FacebookScience
39,BanGDream
47,nudism
51,NewYorkMets
52,AsianLadyboners
73,Ingress
85,AdvancedRunning
88,yiffcomics
109,Torontobluejays
122,AzerothPorn
123,EggsInc
127,TheWire
138,SaltLakeCity
139,NFL_Draft
145,fixit
153,phish
161,Fay_Suicide
164,TrueChristian
168,penguins
204,dvdcollection
205,Artifact
208,handholding
213,killingfloor
219,HealSluts
224,rocketbeans
225,vitahacks
231,learndota2
234,Roleplaykik
252,bladeandsoul
256,MadeInAbyss
283,respectthreads
297,TibiaMMO
315,rollercoasters
317,SoccerBetting
336,Eesti
355,TheOCS
360,Sprint
9,kpics
26,Earwolf
29,ucla
56,Imperator
58,NarutoBlazing
106,CelebrityPenis
125,transgendercirclejerk
129,humblebundles
131,bravefrontier
135,Charlotte
139,FridgeDetective
147,Amsterdam
152,Reluctance
160,animeplot
185,StarVStheForcesofEvil
189,Jaguars
190,NLSSCircleJerk
205,GakiNoTsukai
214,supergirlTV
229,13ReasonsWhy
247,neopets
262,ClimbingCircleJerk
264,Edinburgh
271,TheValleyFolk
273,latterdaysaints
291,VinylReleases
296,nfsw_gifs
318,moderatepolitics
320,aggies
331,Dublin
342,Louisville
343,Bailey_Brooke
372,Rochester
41,Flyers
46,mfacirclejerk
88,cincinnati
113,Boardgamedeals
122,EnoughMuskSpam
134,RedPillWomen
143,projecteternity
160,Connecticut
162,ChemicalEngineering
170,CelebsGW
175,vegas
186,ucf
211,PCOS
217,FierceFlow
220,Braves
222,Iceland
224,BarbaraPalvin
227,indianapolis
231,CHICubs
234,PinkOmega
235,ENF_EUF
240,SchoolIdolFestival
247,mileycyrus
252,Chipotle
285,SweNsfw
289,shadowofmordor
317,mapporncirclejerk
339,CalPoly
346,SS13
0,Anacheriexclusive
88,DIYBeauty
106,HuntShowdown
119,mistyfront
130,suddenlybi
155,realcollegefucks
163,FormerPizzaHuts
180,LiaMarieJohnson
189,PS4Pro
197,dresdenfiles
200,SoulCalibur
213,htgawm
239,SanJoseSharks
260,sanantonio
278,TwoSentenceSadness
300,tappedout
337,devils
341,Cruise
366,albiononline
50,uber
97,NoNutNovemberHardMode
104,FurryKikPals
121,Logic_301
129,Pauper
133,PajamaBabes
154,bioniclememes
183,Malmalloy
191,dbfz
202,Shadowrun
245,Testosterone
263,Pathfinder_Kingmaker
265,memeframe
300,PeterExplainsTheJoke
332,uofmn
348,ringdoorbell
349,Wellington
374,FapDeciders
28,circlebroke2
57,stopdrinkingfitness
62,enoughpetersonspam
115,DaysGone
118,WormFanfic
137,Cleveland
144,EA_NHL
163,marriedredpill
180,CAguns
190,grandrapids
198,McKaylaMaroney
201,XWingTMG
202,PopCornTime
222,SanJose
291,Huskers
305,StateOfDecay
326,FloridaGators
329,GolfClash
336,canadients
350,TickTockManitowoc
360,milwaukee
2,TrueBigDickStories
130,CK2GameOfthrones
184,EqualAttraction
249,arenaofvalor
294,beercirclejerk
337,Omaha
112,NoPixel
138,BABYMETAL
193,GalaxyNote8
235,PvZGardenWarfare
24,CATHELP
166,ockytop
175,AreYouTheOne
136,TheDickShow
7,coconutting
52,hypermiling
